ticker,name,description,target_entry,target_exit
AARD,"Aardvark Therapeutics, Inc. - Common Stock",Other,,
ABAT,American Battery Technology Company - Common Stock,Other,,
ABCL,AbCellera Biologics Inc. - Common Shares,Other,,
ABOS,"Acumen Pharmaceuticals, Inc. - Common Stock",Other,,
ABSI,Absci Corporation - Common Stock,Other,,
ABTC,American Bitcoin Corp. - Class A Common Stock,Other,,
ABUS,Arbutus Biopharma Corporation - Common Stock,Other,,
ACB,Aurora Cannabis Inc. - Common Shares,Other,,
ACDC,ProFrac Holding Corp. - Class A Common Stock,Other,,
ACHV,"Achieve Life Sciences, Inc.  - Common Shares",Other,,
ACIC,American Coastal Insurance Corporation - Common Stock,Other,,
ACIU,AC Immune SA - Common Stock,Other,,
ACRS,"Aclaris Therapeutics, Inc. - Common Stock",Other,,
ACRV,"Acrivon Therapeutics, Inc. - Common Stock",Other,,
ACTG,Acacia Research Corporation - Common Stock,Other,,
ADAG,"Adagene Inc. - ADS, each representing 1.25 ordinary shares",Other,,
ADAM,"Adamas Trust, Inc. - Common Stock",Other,,
ADMA,ADMA Biologics Inc - Common Stock,Other,,
ADTN,"ADTRAN Holdings, Inc. - Common Stock",Other,,
ADUR,Aduro Clean Technologies Inc. - Common Stock,Other,,
AEBI,Aebi Schmidt Holding AG - Common Stock,Other,,
AEVA,"Aeva Technologies, Inc. - Common Stock",Other,,
AGEN,Agenus Inc. - Common Stock,Other,,
AGIO,"Agios Pharmaceuticals, Inc. - Common Stock",Other,,
AGNT,"AGNT, Inc. - Common Stock",Other,,
AGPU,Axe Compute Inc. - Common Stock,Other,,
AHCO,AdaptHealth Corp.  - Common Stock,Other,,
AIIO,Robo.ai Inc. - Class B Ordinary Shares,Other,,
AIOT,"PowerFleet, Inc. - Common Stock",Other,,
AIP,"Arteris, Inc.  - Common Stock",Other,,
AIRJ,AirJoule Technologies Corporation - Class A Common Stock,Other,,
AIRO,"AIRO Group Holdings, Inc. - Common Stock",Other,,
AIRS,"AirSculpt Technologies, Inc. - Common Stock",Other,,
AISP,"Airship AI Holdings, Inc - Class A Common Stock",Other,,
AKBA,"Akebia Therapeutics, Inc. - Common Stock",Other,,
AKTS,"Aktis Oncology, Inc. - Common stock",Other,,
ALDX,"Aldeyra Therapeutics, Inc. - Common Stock",Other,,
ALEC,"Alector, Inc. - Common Stock",Other,,
ALKT,"Alkami Technology, Inc. - Common Stock",Other,,
ALLO,"Allogene Therapeutics, Inc. - Common Stock",Other,,
ALLT,Allot Ltd. - Ordinary Shares,Other,,
ALMR,"Alamar Biosciences, Inc. - Class A common stock",Other,,
ALMU,"Aeluma, Inc. - Common Stock",Other,,
ALOY,REalloys Inc. - Common Stock,Other,,
ALRS,Alerus Financial Corporation - Common Stock,Other,,
ALT,"Altimmune, Inc. - Common Stock",Other,,
ALVO,Alvotech - Ordinary Shares,Other,,
ALXO,ALX Oncology Holdings Inc. - Common Stock,Other,,
AMCX,AMC Global Media Inc. - Class A Common Stock,Other,,
AMPG,"Amplitech Group, Inc. - Common Stock",Other,,
AMPH,"Amphastar Pharmaceuticals, Inc. - Common Stock",Other,,
AMPL,"Amplitude, Inc. - Class A Common Stock",Other,,
AMSC,American Superconductor Corporation - Common Stock,Other,,
AMSF,"AMERISAFE, Inc. - Common Stock",Other,,
ANGI,Angi Inc. - Class A Common Stock,Other,,
ANGO,"AngioDynamics, Inc. - Common Stock",Other,,
ANIX,"Anixa Biosciences, Inc. - Common Stock",Other,,
ANNA,"AleAnna, Inc. - Class A Common Stock",Other,,
ANNX,"Annexon, Inc. - common stock",Other,,
ANTX,"AN2 Therapeutics, Inc. - Common Stock",Other,,
AOSL,Alpha and Omega Semiconductor Limited - Common Shares,Other,,
APEI,"American Public Education, Inc. - Common Stock",Other,,
APOG,"Apogee Enterprises, Inc. - Common Stock",Other,,
APWC,"Asia Pacific Wire & Cable Corporation Limited  - Common shares, Par value .01 per share",Other,,
APXT,Apex Treasury Corporation - Class A Ordinary Share,Other,,
AQST,"Aquestive Therapeutics, Inc. - Common Stock",Other,,
ARBE,Arbe Robotics Ltd. - Ordinary Shares,Other,,
ARCT,Arcturus Therapeutics Holdings Inc. - Common Stock,Other,,
ARDX,"Ardelyx, Inc. - Common Stock",Other,,
AREC,American Resources Corporation - Class A Common Stock,Other,,
ARHS,"Arhaus, Inc. - Class A Common Stock",Other,,
ARKO,ARKO Corp. - Common Stock,Other,,
ARQ,"Arq, Inc. - Common Stock",Other,,
ARQQ,Arqit Quantum Inc. - Ordinary Shares,Other,,
ARRY,"Array Technologies, Inc. - Common Stock",Other,,
ARTV,"Artiva Biotherapeutics, Inc. - Common Stock",Other,,
ARVN,"Arvinas, Inc. - Common Stock",Other,,
ASLE,AerSale Corporation - Common Stock,Other,,
ASMB,"Assembly Biosciences, Inc. - Common Stock",Other,,
ASPI,ASP Isotopes Inc. - Common Stock,Other,,
ASST,"Strive, Inc. - Class A Common Stock",Other,,
ASTH,Astrana Health Inc. - Common Stock,Other,,
ASTL,Algoma Steel Group Inc. - Common Shares,Other,,
ASYS,"Amtech Systems, Inc. - Common Stock",Other,,
ATEC,"Alphatec Holdings, Inc. - Common Stock",Other,,
ATII,Archimedes Tech SPAC Partners II Co. - Ordinary Shares,Other,,
ATLX,Atlas Lithium Corporation - Common Stock,Other,,
ATOM,Atomera Incorporated - Common Stock,Other,,
ATRA,"Atara Biotherapeutics, Inc. - Common Stock",Other,,
ATRC,"AtriCure, Inc. - Common Stock",Other,,
AURA,"Aura Biosciences, Inc. - Common Stock",Other,,
AVBP,"ArriVent BioPharma, Inc. - Common Stock",Other,,
AVIR,"Atea Pharmaceuticals, Inc. - common stock",Other,,
AVLN,Avalyn Pharma Inc. - common stock,Other,,
AVO,"Mission Produce, Inc. - Common Stock",Other,,
AVR,Anteris Technologies Global Corp. - Common Stock,Other,,
AVXL,Anavex Life Sciences Corp. - Common Stock,Other,,
AZ,A2Z Cust2Mate Solutions Corp. - Common Shares,Other,,
AZTA,"Azenta, Inc. - Common Stock",Other,,
BAER,"Bridger Aerospace Group Holdings, Inc. - Common Stock",Other,,
BAND,Bandwidth Inc. - Class A Common Stock,Other,,
BBCP,"Concrete Pumping Holdings, Inc.  - Common Stock",Other,,
BBCQ,Bleichroeder Acquisition Corp. II - Class A Ordinary Shares,Other,,
BBNX,"Beta Bionics, Inc. - Common Stock",Other,,
BBOT,"BridgeBio Oncology Therapeutics, Inc. - Common Stock",Other,,
BBSI,"Barrett Business Services, Inc. - Common Stock",Other,,
BCAL,California BanCorp - Common Stock,Other,,
BCAR,D. Boral ARC Acquisition I Corp. - Class A Ordinary Shares,Other,,
BCAX,Bicara Therapeutics Inc. - Common Stock,Other,,
BDTX,"Black Diamond Therapeutics, Inc. - Common Stock",Other,,
BETR,Better Home & Finance Holding Company - Class A Common Stock,Other,,
BFST,"Business First Bancshares, Inc. - Common Stock",Other,,
BIOA,"BioAge Labs, Inc. - Common Stock",Other,,
BIYA,Baiya International Group Inc.  - Ordinary Shares,Other,,
BL,"BlackLine, Inc. - Common Stock",Other,,
BLDP,"Ballard Power Systems, Inc. - Common Shares",Other,,
BLKB,"Blackbaud, Inc. - Common Stock",Other,,
BLMN,"Bloomin' Brands, Inc. - Common Stock",Other,,
BLZE,"Backblaze, Inc. - Common Stock",Other,,
BMEA,"Biomea Fusion, Inc. - Common Stock",Other,,
BNAI,Brand Engagement Network Inc. - Common Stock,Other,,
BNC,CEA Industries Inc. - Common Stock,Other,,
BOLD,"Boundless Bio, Inc. - Common Stock",Other,,
BOOM,DMC Global Inc. - Common Stock,Other,,
BRAI,Braiin Limited - Common Stock,Other,,
BRCB,"Black Rock Coffee Bar, Inc. - Class A Common Stock",Other,,
BRR,"ProCap Financial, Inc. - Common Stock",Other,,
BRUN,Boost Run Inc. - Class A Common Stock,Other,,
BSIN,Big Sky Industrial Inc. - Common Stock,Other,,
BTBT,"Bit Digital, Inc. - Ordinary Share",Other,,
BTCS,BTCS Inc. - Common Stock,Other,,
BTMD,Biote Corp. - Class A common stock,Other,,
BTQ,BTQ Technologies Corp. - Common Stock,Other,,
BVS,Bioventus Inc. - Class A Common Stock,Other,,
BWEN,"Broadwind, Inc. - Common Stock",Other,,
BXBL,"BOXABL, Inc.  - Common stock",Other,,
BZAI,"Blaize Holdings, Inc. - Common Stock",Other,,
BZFD,"BuzzFeed, Inc. - Class A Common Stock",Other,,
CABA,"Cabaletta Bio, Inc. - Common Stock",Other,,
CADL,"Candel Therapeutics, Inc. - Common Stock",Other,,
CAPR,"Capricor Therapeutics, Inc. - Common Stock",Other,,
CARE,"Carter Bankshares, Inc. - Common Stock",Other,,
CAST,"FreeCast, Inc. - Class A common stock",Other,,
CBIO,"Crescent Biopharma, Inc. - Common Stock",Other,,
CBLL,"CeriBell, Inc. - Common Stock",Other,,
CBUS,"Cibus, Inc. - Class A Common Stock",Other,,
CCAP,"Crescent Capital BDC, Inc. - Common Stock",Other,,
CCCC,"C4 Therapeutics, Inc. - Common Stock",Other,,
CCLD,"CareCloud, Inc. - Common Stock",Other,,
CCOI,"Cogent Communications Holdings, Inc. - Common Stock",Other,,
CCXI,Churchill Capital Corp XI - Class A Ordinary Shares,Other,,
CD,Chaince Digital Holdings Inc. - American Ordinary Shares,Other,,
CDXS,"Codexis, Inc. - Common Stock",Other,,
CDZI,"Cadiz, Inc. - Common Stock",Other,,
CERS,Cerus Corporation - Common Stock,Other,,
CERT,"Certara, Inc. - Common Stock",Other,,
CEVA,"CEVA, Inc. - Common Stock",Other,,
CFFN,"Capitol Federal Financial, Inc. - Common Stock",Other,,
CGBD,"Carlyle Secured Lending, Inc. - Closed End Fund",Other,,
CGEM,"Cullinan Therapeutics, Inc. - Common Stock",Other,,
CGEN,Compugen Ltd. - Ordinary Shares,Other,,
CGNT,Cognyte Software Ltd. - Ordinary Shares,Other,,
CGTX,"Cognition Therapeutics, Inc. - Common Stock",Other,,
CHRS,"Coherus Oncology, Inc. - Common Stock",Other,,
CHW,Calamos Global Dynamic Income Fund - Closed End Fund,Other,,
CHY,Calamos Convertible and High Income Fund - Closed End Fund,Other,,
CIGL,Concorde International Group Ltd - Class A Ordinary Shares,Other,,
CING,Cingulate Inc. - Common Stock,Other,,
CIRC,"Circle8 Group, Inc. - Common Stock",Other,,
CLAR,Clarus Corporation - Common Stock,Other,,
CLBK,"Columbia Financial, Inc. - Common Stock",Other,,
CLFD,"Clearfield, Inc. - Common Stock",Other,,
CLNN,Clene Inc. - Common Stock,Other,,
CLPT,ClearPoint Neuro Inc. - Common Stock,Other,,
CLYM,"Climb Bio, Inc. - Common Stock",Other,,
CMCO,Columbus McKinnon Corporation - Common Stock,Other,,
CMPX,"Compass Therapeutics, Inc. - Common Stock",Other,,
CMRC,"Commerce.com, Inc. - Series 1 Common Stock",Other,,
CMTL,Comtech Telecommunications Corp. - Common Stock,Other,,
CNCK,Coincheck Group N.V. - Ordinary Shares,Other,,
CNDT,Conduent Incorporated - Common Stock,Other,,
CNOB,"ConnectOne Bancorp, Inc. - Common Stock",Other,,
CNTB,Connect Biopharma Holdings Limited - Ordinary Shares,Other,,
CNTN,"Canton Strategic Holdings, Inc. - Common Stock",Other,,
CNTX,Context Therapeutics Inc. - Common Stock,Other,,
CNVS,Cineverse Corp. - Class A Common Stock,Other,,
CNXC,Concentrix Corporation - Common Stock,Other,,
COCH,"Envoy Medical, Inc. - Class A Common Stock",Other,,
COLL,"Collegium Pharmaceutical, Inc. - Common Stock",Other,,
COYA,"Coya Therapeutics, Inc. - Common Stock",Other,,
CPSH,CPS Technologies Corp. - Common Stock,Other,,
CRBU,"Caribou Biosciences, Inc. - Common Stock",Other,,
CRCT,"Cricut, Inc. - Class A common stock",Other,,
CRDF,"Cardiff Oncology, Inc. - Common Stock",Other,,
CRDL,Cardiol Therapeutics Inc. - Class A Common Shares,Other,,
CRMD,CorMedix Inc. - Common Stock,Other,,
CRML,Critical Metals Corp. - Ordinary Shares,Other,,
CRNC,Cerence Inc. - Common Stock,Other,,
CRON,Cronos Group Inc. - Common Share,Other,,
CRSR,"Corsair Gaming, Inc. - Common Stock",Other,,
CRVS,"Corvus Pharmaceuticals, Inc. - Common Stock",Other,,
CSHR,CoinShares PLC - Ordinary Shares,Other,,
CSIQ,Canadian Solar Inc. - Common Shares,Other,,
CSTL,"Castle Biosciences, Inc. - Common stock",Other,,
CSWC,Capital Southwest Corporation - Common Stock,Other,,
CTKB,"Cytek Biosciences, Inc. - Common Stock",Other,,
CTMX,"CytomX Therapeutics, Inc. - Common Stock",Other,,
CTNM,"Contineum Therapeutics, Inc. - Common stock",Other,,
CUB,Lionheart Holdings - Class A Ordinary Shares,Other,,
CUE,"Cue Biopharma, Inc. - Common Stock",Other,,
CURI,CuriosityStream Inc.  - Class A Common Stock,Other,,
CVGI,"Commercial Vehicle Group, Inc. - Common Stock",Other,,
CVRX,"CVRx, Inc. - Common Stock",Other,,
CWBC,Community West Bancshares - Common Stock,Other,,
CXDO,"Crexendo, Inc. - Common Stock",Other,,
CYPH,Cypherpunk Technologies Inc. - Common Stock,Other,,
CYRX,"CryoPort, Inc. - Common Stock",Other,,
DAKT,"Daktronics, Inc. - Common Stock",Other,,
DCGO,DocGo Inc. - Common Stock,Other,,
DCTH,"Delcath Systems, Inc. - Common Stock",Other,,
DCX,Digital Currency X Technology Inc. - Class A Ordinary Shares,Other,,
DERM,Journey Medical Corporation - Common Stock,Other,,
DFDV,DeFi Development Corp. - Common Stock,Other,,
DGXX,Digi Power X Inc. - Common Subordinate Voting Shares,Other,,
DH,Definitive Healthcare Corp. - Class A Common Stock,Other,,
DIBS,"1stdibs.com, Inc. - Common Stock",Other,,
DMAC,DiaMedica Therapeutics Inc. - Common Stock,Other,,
DMRA,"Damora Therapeutics, Inc. - Ordinary Shares",Other,,
DMRC,Digimarc Corporation - Common Stock,Other,,
DNUT,"Krispy Kreme, Inc. - Common Stock",Other,,
DOMO,"Domo, Inc. - Class B Common Stock",Other,,
DPRO,Draganfly Inc. - Common Shares,Other,,
DRTS,Alpha Tau Medical Ltd. - Ordinary Shares,Other,,
DSGN,"Design Therapeutics, Inc. - Common Stock",Other,,
DSP,Viant Technology Inc. - common stock,Other,,
DTCX,"Datacentrex, Inc. - Common Stock",Other,,
DTI,Drilling Tools International Corporation  - Common Stock,Other,,
DTIL,"Precision BioSciences, Inc. - Common Stock",Other,,
DUOT,"Duos Technologies Group, Inc. - Common Stock",Other,,
ECX,ECARX Holdings Inc. - Class A Ordinary shares,Other,,
EGAN,eGain Corporation - Common Stock,Other,,
EGBN,"Eagle Bancorp, Inc. - Common Stock",Other,,
EGHT,8x8 Inc - Common stock,Other,,
EIKN,"Eikon Therapeutics, Inc. - Common Stock",Other,,
ELBM,Electra Battery Materials Corporation - Common Stock,Other,,
ELDN,"Eledon Pharmaceuticals, Inc. - Common Stock",Other,,
ELE,Elemental Royalty Corporation - Common Stock,Other,,
ELMT,The Elmet Group Co. - Common Stock,Other,,
ELTX,"Elicio Therapeutics, Inc. - Common Stock",Other,,
ELVA,Electrovaya Inc. - Common Shares,Other,,
EMBC,Embecta Corp. - Common Stock,Other,,
EMPD,Empery Digital Inc. - Common stock,Other,,
ENGN,enGene Therapeutics Inc. - Common Stock,Other,,
ENGS,Energys Group Limited - Ordinary Shares,Other,,
ENTA,"Enanta Pharmaceuticals, Inc. - Common Stock",Other,,
ENTX,Entera Bio Ltd. - Ordinary Shares,Other,,
ENVX,Enovix Corporation - Common Stock,Other,,
EOLS,"Evolus, Inc. - Common Stock",Other,,
EOSE,"Eos Energy Enterprises, Inc. - Common Stock",Other,,
EPRX,Eupraxia Pharmaceuticals Inc. - Common Stock,Other,,
ERII,"Energy Recovery, Inc. - Common Stock",Other,,
ETON,"Eton Pharmaceuticals, Inc. - Common Stock",Other,,
EU,enCore Energy Corp. - Common Stock,Other,,
EVER,"EverQuote, Inc. - Class A Common Stock",Other,,
EVGO,EVgo Inc. - Common Stock,Other,,
EVLV,"Evolv Technologies Holdings, Inc. - Class A Common Stock",Other,,
EXFY,"Expensify, Inc. - Class A Common Stock",Other,,
EYE,"National Vision Holdings, Inc. - Common Stock",Other,,
EYPT,"EyePoint, Inc. - Common Stock",Other,,
EZPW,"EZCORP, Inc. - Class A Non-Voting Common Stock",Other,,
FAC,Factorial Energy Inc. - Class A Common Stock,Other,,
FATE,"Fate Therapeutics, Inc. - Common Stock",Other,,
FATN,"FatPipe, Inc. - common stock",Other,,
FBIO,"Fortress Biotech, Inc. - Common Stock",Other,,
FDUS,Fidus Investment Corporation - Closed End Fund,Other,,
FENC,Fennec Pharmaceuticals Inc. - Common Stock,Other,,
FHTX,Foghorn Therapeutics Inc. - Common Stock,Other,,
FIP,FTAI Infrastructure Inc. - Common Stock,Other,,
FLNC,"Fluence Energy, Inc. - Class A Common Stock",Other,,
FLWS,"1-800-FLOWERS.COM, Inc. - Class A Common Stock",Other,,
FLYW,Flywire Corporation - Voting Common Stock,Other,,
FLZH,"Flash Sports & Media Holdings, Inc. - Common Stock",Other,,
FMNB,Farmers National Banc Corp. - Common Stock,Other,,
FNKO,"Funko, Inc. - Class A Common Stock",Other,,
FOSL,"Fossil Group, Inc. - Common Stock",Other,,
FOXF,Fox Factory Holding Corp. - Common Stock,Other,,
FRMM,"Forum Markets, Incorporated - Common Stock",Other,,
FRNM,"Freenome, Inc. - Common stock",Other,,
FRST,Primis Financial Corp. - Common Stock,Other,,
FSUN,FirstSun Capital Bancorp - Common Stock,Other,,
FTRE,Fortrea Holdings Inc. - Common Stock,Other,,
FUFU,BitFuFu Inc. - Class A Ordinary Shares,Other,,
FULC,"Fulcrum Therapeutics, Inc. - Common Stock",Other,,
FVCB,"FVCBankcorp, Inc. - Common Stock",Other,,
FWDI,"Forward Industries, Inc. - Common Stock",Other,,
FWRD,Forward Air Corporation - Common Stock,Other,,
FWRG,"First Watch Restaurant Group, Inc. - Common Stock",Other,,
FXHO,UTime Limited - Class A Ordinary Shares,Other,,
GAIN,Gladstone Investment Corporation - Business Development Company,Other,,
GALT,Galectin Therapeutics Inc. - Common Stock,Other,,
GANX,"Gain Therapeutics, Inc. - Common Stock",Other,,
GCMG,GCM Grosvenor Inc. - Class A Common Stock,Other,,
GCT,GigaCloud Technology Inc - Class A Ordinary Shares,Other,,
GDRX,"GoodRx Holdings, Inc. - Class A Common Stock",Other,,
GDYN,"Grid Dynamics Holdings, Inc. - Class A Common Stock",Other,,
GEMI,"Gemini Space Station, Inc. - Class A Common Stock",Other,,
GENB,"Generate Biomedicines, Inc. - Common Stock",Other,,
GERN,Geron Corporation - Common Stock,Other,,
GEVO,"Gevo, Inc. - Common Stock",Other,,
GFUZ,General Fusion Group Ltd. - Common Shares,Other,,
GHRS,GH Research PLC - Ordinary Shares,Other,,
GIII,"G-III Apparel Group, LTD. - Common Stock",Other,,
GILT,Gilat Satellite Networks Ltd. - Ordinary Shares,Other,,
GLIBK,Liberty Capital Corporation - Series C GCI Group Common Stock,Other,,
GLND,Greenland Energy Company - Common Stock,Other,,
GLOO,"Gloo Holdings, Inc. - Common Stock",Other,,
GLUE,"Monte Rosa Therapeutics, Inc. - Common Stock",Other,,
GO,Grocery Outlet Holding Corp. - Common Stock,Other,,
GOAI,Eva Live Inc. - Common Stock,Other,,
GOGO,Gogo Inc. - Common Stock,Other,,
GOOD,Gladstone Commercial Corporation - Real Estate Investment Trust,Other,,
GPRE,"Green Plains, Inc. - Common Stock",Other,,
GPRO,"GoPro, Inc. - Class A Common Stock",Other,,
GRRR,Gorilla Technology Group Inc. - Ordinary shares,Other,,
GRSD,Grandstand Limited - Ordinary Shares,Other,,
GSIT,"GSI Technology, Inc. - Common Stock",Other,,
GSM,Ferroglobe PLC - Ordinary Shares,Other,,
GT,The Goodyear Tire & Rubber Company - Common Stock,Other,,
GTM,ZoomInfo Technologies Inc. - Common Stock,Other,,
GUTS,"Fractyl Health, Inc. - Common Stock",Other,,
HAFC,Hanmi Financial Corporation - Common Stock,Other,,
HBNC,"Horizon Bancorp, Inc. - Common Stock",Other,,
HCAT,"Health Catalyst, Inc - Common stock",Other,,
HCHL,Happy City Holdings Limited - Class A Ordinary shares,Other,,
HCKT,"The Hackett Group, Inc. - Common Stock",Other,,
HCSG,"Healthcare Services Group, Inc. - Common Stock",Other,,
HDSN,"Hudson Technologies, Inc. - Common Stock",Other,,
HELE,Helen of Troy Limited - Common Stock,Other,,
HELP,Cybin Inc. - Common Stock,Other,,
HFFG,HF Foods Group Inc. - Common Stock,Other,,
HFWA,Heritage Financial Corporation - Common Stock,Other,,
HITI,High Tide Inc. - Common Shares,Other,,
HLIT,Harmonic Inc. - Common Stock,Other,,
HLMN,Hillman Solutions Corp. - Common Stock,Other,,
HLP,Hongli Group Inc. - Class A Ordinary Shares,Other,,
HMH,HMH Holding Inc. - Common Stock,Other,,
HMR,Heidmar Maritime Holdings Corp. - Common Stock,Other,,
HNRG,Hallador Energy Company - Common Stock,Other,,
HODO,House of Doge Inc. - Common Stock,Other,,
HOPE,"Hope Bancorp, Inc. - Common Stock",Other,,
HOVR,New Horizon Aircraft Ltd. - Class A Ordinary Shares,Other,,
HPK,"HighPeak Energy, Inc. - Common Stock",Other,,
HQ,Horizon Quantum Holdings Ltd. - Class A Ordinary Shares,Other,,
HROW,"Harrow, Inc. - Common Stock",Other,,
HRTX,"Heron Therapeutics, Inc.   - Common Stock",Other,,
HRZN,Horizon Technology Finance Corporation - Common Stock,Other,,
HSDT,Solana Company - Class A Common Stock,Other,,
HSTM,"HealthStream, Inc. - Common Stock",Other,,
HTLD,"Heartland Express, Inc. - Common Stock",Other,,
HTZ,"Hertz Global Holdings, Inc - Common Stock",Other,,
HURA,"TuHURA Biosciences, Inc. - Common Stock",Other,,
HYFT,MindWalk Holdings Corp. - Common Stock,Other,,
HYMC,Hycroft Mining Holding Corporation - Class A Common Stock,Other,,
HYPR,"Hyperfine, Inc.  - Class A Common Stock",Other,,
IART,Integra LifeSciences Holdings Corporation - Common Stock,Other,,
IBIO,"iBio, Inc. - Common Stock",Other,,
IDN,"Intellicheck, Inc. - Common Stock",Other,,
IFRX,InflaRx N.V. - Common Stock,Other,,
IHRT,"iHeartMedia, Inc. - Class A Common Stock",Other,,
III,"Information Services Group, Inc. - Common Stock",Other,,
IIIV,"i3 Verticals, Inc. - Common Stock",Other,,
IKT,"Inhibikase Therapeutics, Inc. - Common Stock",Other,,
ILPT,Industrial Logistics Properties Trust - Common Shares of Beneficial Interest,Other,,
IMDX,Insight Molecular Diagnostics Inc. - Common Stock,Other,,
IMMR,Immersion Corporation - Common Stock,Other,,
IMMX,"Immix Biopharma, Inc. - Common Stock",Other,,
IMPP,Imperial Petroleum Inc. - Common Shares,Other,,
IMRX,Immuneering Corporation - Class A Common Stock,Other,,
IMSR,Terrestrial Energy Inc. - Common Stock,Other,,
IMTX,Immatics N.V. - Ordinary Shares,Other,,
IMUX,"Immunic, Inc.  - Common Stock",Other,,
IMXI,"International Money Express, Inc. - Common Stock",Other,,
INDI,"indie Semiconductor, Inc. - Class A Common Stock",Other,,
INDP,"Indaptus Therapeutics, Inc. - Common Stock",Other,,
INHD,Inno Holdings Inc. - Common Stock,Other,,
INMD,InMode Ltd.  - Ordinary Shares,Other,,
INNV,InnovAge Holding Corp. - Common Stock,Other,,
INO,"Inovio Pharmaceuticals, Inc. - Common Stock",Other,,
INSG,Inseego Corp. - Common Stock,Other,,
INV,"Innventure, Inc. - Common Stock",Other,,
INVA,"Innoviva, Inc. - Common Stock",Other,,
INVE,"Identiv, Inc. - Common Stock",Other,,
IOVA,"Iovance Biotherapeutics, Inc. - Common Stock",Other,,
IPSC,"Century Therapeutics, Inc. - Common Stock",Other,,
IRD,"Opus Genetics, Inc. - Common Stock",Other,,
IRWD,"Ironwood Pharmaceuticals, Inc. - Class A Common Stock",Other,,
ISSC,"Innovative Solutions and Support, Inc. - Common Stock",Other,,
IVA,Inventiva S.A. - American Depository Shares,Other,,
IVVD,"Invivyd, Inc. - Common Stock",Other,,
JACK,Jack In The Box Inc. - Common Stock,Other,,
JANX,"Janux Therapeutics, Inc. - Common Stock",Other,,
JBIO,"Jade Biosciences, Inc. - Common Stock",Other,,
JCAP,"Jefferson Capital, Inc. - Common Stock",Other,,
JFB,JFB Construction Holdings - Class A Common Stock,Other,,
JLHL,Julong Holding Limited - Class A Ordinary Shares,Other,,
JRSH,"Jerash Holdings (US), Inc. - Common Stock",Other,,
JRVR,"James River Group Holdings, Inc. - Common Stock",Other,,
KDK,"Kodiak AI, Inc. - Common Stock",Other,,
KELYA,"Kelly Services, Inc. - Class A Common Stock",Other,,
KGEI,Kolibri Global Energy Inc. - Common stock,Other,,
KLRS,"Kalaris Therapeutics, Inc.  - Common Stock",Other,,
KLTR,"Kaltura, Inc. - Common Stock",Other,,
KMTS,"Kestra Medical Technologies, Ltd. - Common Stock",Other,,
KRNT,Kornit Digital Ltd. - Ordinary Shares,Other,,
KRNY,Kearny Financial - Common Stock,Other,,
KROS,"Keros Therapeutics, Inc. - common stock",Other,,
KRUS,"Kura Sushi USA, Inc. - Class A Common Stock",Other,,
KURA,"Kura Oncology, Inc. - Common Stock",Other,,
KVHI,"KVH Industries, Inc. - Common Stock",Other,,
KYTX,"Kyverna Therapeutics, Inc. - Common Stock",Other,,
LAB,Standard BioTools Inc. - Common Stock,Other,,
LAES,SEALSQ Corp - Ordinary Shares,Other,,
LAND,Gladstone Land Corporation - Common Stock,Other,,
LBRX,LB Pharmaceuticals Inc - Common Stock,Other,,
LCUT,"Lifetime Brands, Inc. - Common Stock",Other,,
LE,"Lands' End, Inc. - Common Stock",Other,,
LENZ,"LENZ Therapeutics, Inc. - Common Stock",Other,,
LFMD,"LifeMD, Inc. - Common Stock",Other,,
LFVN,Lifevantage Corporation - Common Stock,Other,,
LGCL,Lucas GC Limited - Class A Ordinary Shares,Other,,
LGO,Largo Inc. - Common Shares,Other,,
LIDR,"AEye, Inc. - Class A Common Stock",Other,,
LILA,Liberty Latin America Ltd. - Class A Common Stock,Other,,
LILAK,Liberty Latin America Ltd. - Class C Common Stock,Other,,
LINC,Lincoln Educational Services Corporation - Common Stock,Other,,
LIND,Lindblad Expeditions Holdings Inc.  - Common Stock,Other,,
LMRI,"Lumexa Imaging Holdings, Inc. - Common Stock",Other,,
LOCO,"El Pollo Loco Holdings, Inc. - Common Stock",Other,,
LPTH,"LightPath Technologies, Inc. - Class A Common Stock",Other,,
LRMR,"Larimar Therapeutics, Inc. - Common Stock",Other,,
LTBR,Lightbridge Corporation - Common Stock,Other,,
LTRX,"Lantronix, Inc. - Common Stock",Other,,
LUCD,Lucid Diagnostics Inc. - Common Stock,Other,,
LUNG,Pulmonx Corporation - Common Stock,Other,,
LWLG,"Lightwave Logic, Inc. - Common Stock",Other,,
LXEO,"Lexeo Therapeutics, Inc. - Common Stock",Other,,
LXRX,"Lexicon Pharmaceuticals, Inc. - Common Stock",Other,,
LYTS,LSI Industries Inc. - Common Stock,Other,,
MAMA,"Mama's Creations, Inc. - Common Stock",Other,,
MASS,908 Devices Inc. - Common Stock,Other,,
MATW,Matthews International Corporation - Class A Common Stock,Other,,
MAZE,"Maze Therapeutics, Inc. - Common Stock",Other,,
MBOT,Microbot Medical Inc.  - Common Stock,Other,,
MDXG,"MiMedx Group, Inc - Common Stock",Other,,
METC,"Ramaco Resources, Inc. - Class A Common Stock",Other,,
MFIC,MidCap Financial Investment Corporation - Closed End Fund,Other,,
MGNX,"MacroGenics, Inc. - Common Stock",Other,,
MGTX,MeiraGTx Holdings plc - Ordinary Shares,Other,,
MIST,Milestone Pharmaceuticals Inc. - Common Shares,Other,,
MITK,"Mitek Systems, Inc. - Common Stock",Other,,
MLKN,"MillerKnoll, Inc. - Common Stock",Other,,
MLTX,MoonLake Immunotherapeutics - Class A Ordinary Shares,Other,,
MNKD,MannKind Corporation - Common Stock,Other,,
MNRO,"Monro, Inc.  - Common Stock",Other,,
MNTK,"Montauk Renewables, Inc. - Common Stock",Other,,
MNTS,Momentus Inc. - Class A Common Stock,Other,,
MPLT,"MapLight Therapeutics, Inc. - Common Stock",Other,,
MQ,"Marqeta, Inc. - Class A Common Stock",Other,,
MRAM,"Everspin Technologies, Inc. - Common Stock",Other,,
MRLN,"Merlin, Inc. - Common Stock",Other,,
MRTN,"Marten Transport, Ltd. - Common Stock",Other,,
MRVI,"Maravai LifeSciences Holdings, Inc. - Class A common stock",Other,,
MTRX,Matrix Service Company - Common Stock,Other,,
MVST,"Microvast Holdings, Inc. - Common Stock",Other,,
MXCT,"MaxCyte, Inc. - Common Stock",Other,,
MYGN,"Myriad Genetics, Inc. - Common Stock",Other,,
MYPS,"PLAYSTUDIOS, Inc.  - Class A Common Stock",Other,,
NAGE,"Niagen Bioscience, Inc. - Common Stock",Other,,
NAKA,Nakamoto Inc. - Common Stock,Other,,
NAMM,Namib Minerals - Ordinary Shares,Other,,
NAUT,"Nautilus Biotechnology, Inc. - Common Stock",Other,,
NAVI,Navient Corporation - Common Stock,Other,,
NB,NioCorp Developments Ltd. - Common Stock,Other,,
NBBK,"NB Bancorp, Inc. - Common Stock",Other,,
NCMI,"National CineMedia, Inc. - Common Stock",Other,,
NEO,"NeoGenomics, Inc. - Common Stock",Other,,
NEOV,NeoVolta Inc. - Common Stock,Other,,
NERV,"Minerva Neurosciences, Inc - Common Stock",Other,,
NEWT,"NewtekOne, Inc. - Common Stock",Other,,
NEXN,Nexxen International Ltd. - Ordinary Shares,Other,,
NEXT,NextDecade Corporation - Common Stock,Other,,
NGEN,NervGen Pharma Corp. - Common stock,Other,,
NGNE,Neurogene Inc. - Common Stock,Other,,
NHP,"National Healthcare Properties, Inc. - Class A Common Stock",Other,,
NKLR,Terra Innovatum Global N.V. - Ordinary shares,Other,,
NKTX,"Nkarta, Inc. - Common Stock",Other,,
NMAD,"Nomad Power Solutions, Inc. - Common Stock",Other,,
NMFC,New Mountain Finance Corporation - Common Stock,Other,,
NMRA,"Neumora Therapeutics, Inc. - Common Stock",Other,,
NN,NextNav Inc. - Common stock,Other,,
NNBR,"NN, Inc. - Common Stock",Other,,
NNE,Nano Nuclear Energy Inc. - common stock,Other,,
NNOX,NANO-X IMAGING LTD - Ordinary Shares,Other,,
NPT,Texxon Holding Limited - Ordinary shares,Other,,
NRDS,"NerdWallet, Inc. - Class A Common Stock",Other,,
NRXP,"NRX Pharmaceuticals, Inc. - Common Stock",Other,,
NSLR,Neostellar Capital Corp. - Closed End Fund,Other,,
NSSC,"NAPCO Security Technologies, Inc. - Common Stock",Other,,
NTGR,"NETGEAR, Inc. - Common Stock",Other,,
NUAI,"New Era Energy & Digital, Inc. - Common Stock",Other,,
NUCL,Eagle Nuclear Energy Corp. - Common stock,Other,,
NVCR,NovoCure Limited - Ordinary Shares,Other,,
NVCT,"Nuvectis Pharma, Inc. - Common Stock",Other,,
NYXH,Nyxoah SA - Ordinary Shares,Other,,
OABI,"OmniAb, Inc. - Common Stock",Other,,
OBIO,"Orchestra BioMed Holdings, Inc. - Ordinary Shares",Other,,
OCC,Optical Cable Corporation - Common Stock,Other,,
OCCI,"OFS Credit Company, Inc. - Closed End Fund",Other,,
OCFC,OceanFirst Financial Corp. - Common Stock,Other,,
OCS,Oculis Holding AG - Ordinary shares,Other,,
OCSL,Oaktree Specialty Lending Corporation - Closed End Fund,Other,,
OCUL,"Ocular Therapeutix, Inc. - Common Stock",Other,,
ODD,ODDITY Tech Ltd. - Class A Ordinary Shares,Other,,
ODYS,Odysight.ai Inc. - Common Stock,Other,,
OFIX,Orthofix Medical Inc.  - Common Stock,Other,,
OKUR,"OnKure Therapeutics, Inc. - Class A Common Stock",Other,,
OLMA,"Olema Pharmaceuticals, Inc. - Common Stock",Other,,
OM,"Outset Medical, Inc. - Common Stock",Other,,
OMCL,"Omnicell, Inc. - Common Stock",Other,,
OMDA,"Omada Health, Inc. - Common Stock",Other,,
OMER,Omeros Corporation - Common Stock,Other,,
ONCY,Oncolytics Biotech Inc. - Common Stock,Other,,
OPAL,OPAL Fuels Inc. - Class A Common Stock,Other,,
OPRT,Oportun Financial Corporation - common stock,Other,,
OPRX,OptimizeRx Corporation - Common Stock,Other,,
OPTX,"Syntec Optics Holdings, Inc. - Class A Common Stock",Other,,
ORBS,Eightco Holdings Inc. - Common Stock,Other,,
ORIC,"Oric Pharmaceuticals, Inc. - Common Stock",Other,,
ORMP,Oramed Pharmaceuticals Inc. - Common Stock,Other,,
OSBC,"Old Second Bancorp, Inc. - Common Stock",Other,,
OSPN,OneSpan Inc. - Common Stock,Other,,
OSS,"One Stop Systems, Inc. - Common Stock",Other,,
OSUR,"OraSure Technologies, Inc. - Common Stock",Other,,
OVID,Ovid Therapeutics Inc. - Common Stock,Other,,
OXLC,Oxford Lane Capital Corp. - Closed End Fund,Other,,
OXSQ,Oxford Square Capital Corp. - Closed End Fund,Other,,
PACB,"Pacific Biosciences of California, Inc. - Common Stock",Other,,
PAHC,Phibro Animal Health Corporation - Class A Common Stock,Other,,
PAL,"Proficient Auto Logistics, Inc. - Common Stock",Other,,
PALI,"Palisade Bio, Inc. - Common Stock",Other,,
PANL,Pangaea Logistics Solutions Ltd. - Common Stock,Other,,
PAX,Patria Investments Limited - Class A Common Shares,Other,,
PAYS,"Paysign, Inc. - Common Stock",Other,,
PBYI,Puma Biotechnology Inc - Common Stock,Other,,
PCRX,"Pacira BioSciences, Inc. - Common Stock",Other,,
PCT,"PureCycle Technologies, Inc. - Common stock",Other,,
PDFS,"PDF Solutions, Inc. - Common Stock",Other,,
PDYN,Palladyne AI Corp. - Common stock,Other,,
PEBO,Peoples Bancorp Inc. - Common Stock,Other,,
PEPG,PepGen Inc. - Common Stock,Other,,
PERI,Perion Network Ltd - Ordinary Shares,Other,,
PESI,"Perma-Fix Environmental Services, Inc. - Common Stock",Other,,
PGY,Pagaya Technologies Ltd. - Class A Ordinary Shares,Other,,
PHAT,"Phathom Pharmaceuticals, Inc. - Common Stock",Other,,
PICS,PicS N.V. - Class A Common Shares,Other,,
PLAB,"Photronics, Inc. - Common Stock",Other,,
PLAY,"Dave & Buster's Entertainment, Inc. - Common Stock",Other,,
PLBY,"Playboy, Inc. - Common Stock",Other,,
PLCE,"Children's Place, Inc. (The) - Common Stock",Other,,
PLRX,"Pliant Therapeutics, Inc. - Common Stock",Other,,
PLTK,Playtika Holding Corp. - Common Stock,Other,,
PLYX,"Polaryx Therapeutics, Inc. - Common Stock",Other,,
PMVP,"PMV Pharmaceuticals, Inc. - Common Stock",Other,,
PN,PN Smart Energy Limited - Class A Ordinary Shares,Other,,
PNBK,Patriot National Bancorp Inc. - Common Stock,Other,,
PNTG,"The Pennant Group, Inc. - Common Stock",Other,,
POET,POET Technologies Inc. - Common Shares,Other,,
POWW,Outdoor Holding Company - Common Stock,Other,,
PRAA,"PRA Group, Inc. - Common Stock",Other,,
PRCH,"Porch Group, Inc. - Common Stock",Other,,
PRCT,PROCEPT BioRobotics Corporation - Common Stock,Other,,
PRDO,Perdoceo Education Corporation - Common Stock,Other,,
PRE,Prenetics Global Limited - Class A Ordinary Share,Other,,
PRGS,Progress Software Corporation - Common Stock,Other,,
PRLD,Prelude Therapeutics Incorporated - Common Stock,Other,,
PRME,"Prime Medicine, Inc. - Common Stock",Other,,
PROK,ProKidney Corp. - Class A Ordinary Shares,Other,,
PROP,Prairie Operating Co. - Common Stock,Other,,
PRQR,ProQR Therapeutics N.V. - Ordinary Shares,Other,,
PRTA,Prothena Corporation plc - Ordinary Shares,Other,,
PRTH,"Priority Technology Holdings, Inc. - Common Stock",Other,,
PSEC,Prospect Capital Corporation - Closed End Fund,Other,,
PSIX,"Power Solutions International, Inc. - Common Stock",Other,,
PTLO,Portillo's Inc. - Class A Common Stock,Other,,
PUBM,"PubMatic, Inc. - Class A Common Stock",Other,,
PURR,Hyperliquid Strategies Inc - Common Stock,Other,,
PUSA,Aureus Greenway Holdings Inc. - Common Stock,Other,,
PWP,Perella Weinberg Partners - Class A Common Stock,Other,,
PYPD,PolyPid Ltd. - Ordinary Shares,Other,,
PYXS,"Pyxis Oncology, Inc. - Common Stock",Other,,
PZZA,"Papa John's International, Inc. - Common Stock",Other,,
QMCO,Quantum Corporation - Common Stock,Other,,
QNST,"QuinStreet, Inc. - Common Stock",Other,,
QSI,Quantum-Si Incorporated - Class A Common Stock,Other,,
QTEX,QTREX Quantum Ltd. - Ordinary Shares,Other,,
QTRX,Quanterix Corporation - Common Stock,Other,,
QTTB,Q32 Bio Inc. - Common Stock,Other,,
QUIK,QuickLogic Corporation - Common Stock,Other,,
RAIL,"Freightcar America, Inc. - Common Stock",Other,,
RANI,"Rani Therapeutics Holdings, Inc. - Class A Common Stock",Other,,
RAPP,"Rapport Therapeutics, Inc. - Common Stock",Other,,
RBBN,Ribbon Communications Inc.  - Common Stock,Other,,
RCAT,"Red Cat Holdings, Inc. - Common Stock",Other,,
RCEL,"Avita Medical, Inc. - Common Stock",Other,,
RCKT,"Rocket Pharmaceuticals, Inc. - Common Stock",Other,,
RDCM,Radcom Ltd. - Ordinary Shares,Other,,
RDWR,Radware Ltd. - Ordinary Shares,Other,,
RDZN,"Roadzen, Inc. - Ordinary Shares",Other,,
REAL,"The RealReal, Inc. - Common Stock",Other,,
REAX,"The Real Brokerage, Inc. - Common Shares",Other,,
REKR,"Rekor Systems, Inc. - Common Stock",Other,,
RELL,"Richardson Electronics, Ltd. - Common Stock",Other,,
REPL,"Replimune Group, Inc. - Common Stock",Other,,
RFIL,"RF Industries, Ltd. - Common Stock",Other,,
RGNX,REGENXBIO Inc. - Common Stock,Other,,
RGP,"Resources Connection, Inc. - Common Stock",Other,,
RIGL,"Rigel Pharmaceuticals, Inc. - Common Stock",Other,,
RILY,"BRC Group Holdings, Inc. - Common Stock",Other,,
RLMD,"Relmada Therapeutics, Inc. - Common Stock",Other,,
RLYB,Rallybio Corporation - Common Stock,Other,,
RMIX,"Suncrete, Inc. - Class A Common Stock",Other,,
RMNI,"Rimini Street, Inc. - Common Stock",Other,,
RNA,"Atrium Therapeutics, Inc. - Common Stock",Other,,
RNAC,"Cartesian Therapeutics, Inc. - Common Stock",Other,,
RNTX,"Rein Therapeutics, Inc. - Common Stock",Other,,
ROCK,"Gibraltar Industries, Inc. - Common Stock",Other,,
RPAY,Repay Holdings Corporation - Class A Common Stock,Other,,
RR,Richtech Robotics Inc. - Class B Common Stock,Other,,
RRGB,"Red Robin Gourmet Burgers, Inc. - Common Stock",Other,,
RUM,RUM Group Inc. - Class A Common Stock,Other,,
RWAY,Runway Growth Finance Corp. - Common Stock,Other,,
RXRX,"Recursion Pharmaceuticals, Inc. - Class A Common Stock",Other,,
RXST,"RxSight, Inc. - Common Stock",Other,,
RXT,"Rackspace Technology, Inc. - Common Stock",Other,,
RYOJ,"rYojbaba Co., Ltd. - Common Shares",Other,,
RZLT,"Rezolute, Inc. - Common Stock (NV)",Other,,
SABR,Sabre Corporation - Common Stock,Other,,
SABS,"SAB Biotherapeutics, Inc. - Common Stock",Other,,
SANA,"Sana Biotechnology, Inc. - Common Stock",Other,,
SATL,Satellogic Inc. - Class A Common Stock,Other,,
SBGI,"Sinclair, Inc. - Class A Common Stock",Other,,
SCHL,Scholastic Corporation - Common Stock,Other,,
SCZM,Santacruz Silver Mining Ltd. - Common Shares,Other,,
SDA,SunCar Technology Group Inc. - Ordinary Shares,Other,,
SDGR,"Schrodinger, Inc. - Common Stock",Other,,
SEER,"Seer, Inc. - Class A Common Stock",Other,,
SEPN,"Septerna, Inc. - Common Stock",Other,,
SERV,Serve Robotics Inc. - Common Stock,Other,,
SEV,Aptera Motors Corp. - Class B Common Stock,Other,,
SFIX,"Stitch Fix, Inc. - Class A Common Stock",Other,,
SGML,Sigma Lithium Corporation - common shares,Other,,
SGMT,Sagimet Biosciences Inc. - Series A Common Stock,Other,,
SHAZ,"SharonAI Holdings, Inc. - Class A Common Stock",Other,,
SHBI,"Shore Bancshares, Inc. - Common Stock",Other,,
SHEN,Shenandoah Telecommunications Co - Common Stock,Other,,
SHLS,"Shoals Technologies Group, Inc. - Class A Common Stock",Other,,
SHMD,SCHMID Group N.V. - Class A Ordinary Shares,Other,,
SHOE,"Shoe Station Group, Inc. - Common Stock",Other,,
SIBN,"SI-BONE, Inc. - Common Stock",Other,,
SIDU,"Sidus Space, Inc. - Class A Common Stock",Other,,
SIGA,SIGA Technologies Inc. - Common Stock,Other,,
SKIN,SkinHealth Systems Inc. - Class A Common Stock,Other,,
SKYA,"SkyAI, Inc. - Common Stock",Other,,
SKYT,"SkyWater Technology, Inc. - Common Stock",Other,,
SKYX,SKYX Platforms Corp. - Common Stock,Other,,
SLBT,SL Science Holding Limited - Ordinary Shares,Other,,
SLDB,Solid Biosciences Inc. - Common Stock,Other,,
SLDP,"Solid Power, Inc. - Class A Common Stock",Other,,
SLN,Silence Therapeutics Plc - American Depository Share,Other,,
SLNH,"Soluna Holdings, Inc. - Common Stock",Other,,
SLP,"Simulations Plus, Inc. - Common Stock",Other,,
SLRC,SLR Investment Corp. - Closed End Fund,Other,,
SMPL,The Simply Good Foods Company - Common Stock,Other,,
SND,"Smart Sand, Inc. - Common Stock",Other,,
SNDX,"Syndax Pharmaceuticals, Inc. - Common Stock",Other,,
SNWV,"SANUWAVE Health, Inc. - Common Stock",Other,,
SONO,"Sonos, Inc. - Common Stock",Other,,
SOPH,SOPHiA GENETICS SA - Ordinary Shares,Other,,
SOWG,Sow Good Inc. - Common Stock,Other,,
SPAI,Safe Pro Group Inc. - Common Stock,Other,,
SPRO,"Spero Therapeutics, Inc. - Common Stock",Other,,
SPRY,"ARS Pharmaceuticals, Inc. - Common Stock",Other,,
SPT,"Sprout Social, Inc - Class A Common Stock",Other,,
SPTX,"Seaport Therapeutics, Inc. - Common Stock",Other,,
SRTA,"Strata Critical Medical, Inc. - Class A Common Stock",Other,,
SSP,E.W. Scripps Company (The) - Class A Common Stock,Other,,
SSYS,"Stratasys, Ltd. - Common Stock",Other,,
STAA,STAAR Surgical Company - Common Stock,Other,,
STEX,Streamex Corp. - Common Stock,Other,,
STI,"Solidion Technology, Inc. - Common Stock",Other,,
STIM,"Neuronetics, Inc. - Common Stock",Other,,
STOK,"Stoke Therapeutics, Inc. - Common Stock",Other,,
STRO,"Sutro Biopharma, Inc. - Common Stock",Other,,
STTK,"Shattuck Labs, Inc. - Common Stock",Other,,
SUIG,Sui Group Holdings Limited - Common Stock,Other,,
SUPX,SuperX AI Technology Limited - Ordinary Shares,Other,,
SVC,Service Properties Trust - Common Shares of Beneficial Interest,Other,,
SVCO,"Silvaco Group, Inc. - Common Stock",Other,,
SVRA,"Savara, Inc. - Common Stock",Other,,
SWBI,"Smith & Wesson Brands, Inc. - Common Stock",Other,,
SWIM,"Latham Group, Inc. - Common Stock",Other,,
SWMR,"Swarmer, Inc - common stock",Other,,
SY,So-Young International Inc. - American Depository Shares,Other,,
TARA,"Protara Therapeutics, Inc.  - Common Stock",Other,,
TASK,"TaskUs, Inc. - Class A Common Stock",Other,,
TATT,TAT Technologies Ltd. - Ordinary Shares,Other,,
TBCH,Turtle Beach Corporation - Common Stock,Other,,
TBPH,"Theravance Biopharma, Inc. - Ordinary Shares",Other,,
TCPC,BlackRock TCP Capital Corp. - Closed End Fund,Other,,
