scanned_at_utc,n_curated_gems,n_explorer_gems,pick,best_score,verdict,gems,gem_mentions
2026-08-07 00:21,5,5,MTCH,0.656,pick: MTCH,,
2026-08-07 15:34,5,5,AQB,0.561,pick: AQB,AQB MTCH AMS:AVTX ORCL FIG ATOM CLNN SLNH CNVS POET,
2026-08-07 19:26,5,5,AQB,0.561,pick: AQB,AQB MTCH AMS:AVTX ORCL FIG ATOM CLNN SLNH CNVS POET,
2026-08-09 20:31,5,5,AQB,0.570,pick: AQB,AQB MTCH EONR BAYRY AMS:AVTX ATOM CLNN SLNH CNVS LFVN,
2026-08-09 20:37,5,5,AQB,0.570,pick: AQB,AQB MTCH EONR BAYRY AMS:AVTX ATOM CLNN SLNH CNVS LFVN,
2026-08-10 15:36,5,5,AQB,0.570,pick: AQB,AQB MTCH EONR BAYRY AMS:AVTX ATOM CLNN SLNH CNVS LFVN,AQB:0 MTCH:0 EONR:0 BAYRY:0 AMS:AVTX:0 ATOM:0 CLNN:0 SLNH:0 CNVS:0 LFVN:0
2026-08-10 19:27,5,5,AQB,0.570,pick: AQB,AQB MTCH EONR BAYRY AMS:AVTX ATOM CLNN SLNH CNVS LFVN,AQB:0 MTCH:0 EONR:0 BAYRY:0 AMS:AVTX:0 ATOM:0 CLNN:0 SLNH:0 CNVS:0 LFVN:0
2026-08-11 15:37,5,5,DOCU,0.592,pick: DOCU,DOCU ATVK CREE BAYRY MTCH ATOM CLNN SLNH CNVS LFVN,DOCU:0 ATVK:0 CREE:0 BAYRY:0 MTCH:0 ATOM:0 CLNN:0 SLNH:0 CNVS:0 LFVN:0
2026-08-11 19:32,5,5,DOCU,0.592,pick: DOCU,DOCU ATVK CREE BAYRY MTCH ATOM CLNN SLNH CNVS LFVN,DOCU:0 ATVK:0 CREE:0 BAYRY:0 MTCH:0 ATOM:0 CLNN:0 SLNH:0 CNVS:0 LFVN:0
