id,date,hypothesis,test,verdict,status
congress-trades,2026-08-01,Congressional trades predict excess returns in traded names,Event-study CAR on disclosed trades; data feed also lapsed,Failed validation and the feed died; replaced by SEC Form 4 insider buying as a SOFT overlay only,rejected
momentum-3m-gates,2026-08-02,3-month momentum + theme gates define the best entries,8-variant entry Lab vs no-gate control; walk-forward halves,Beaten by the 6m gate set; 3m kept as a Lab variant only,rejected
momentum-6m-gates,2026-08-02,6-month momentum + hot theme + R:R>=3 beats buying every crossing,Same 8-variant Lab; pre-registered both-halves bar,Beat control in BOTH halves; adopted as the live gate set,adopted
stop-10pct,2026-08-03,A 10% stop protects capital best,7-policy exit Lab on identical validated entries (n=51),Shaken out of eventual winners; median negative; rejected for 20%,rejected
stop-20pct,2026-08-03,A 20% stop with ~0.6x sizing beats tighter stops on microcaps,Same exit Lab; only policy to beat baseline in BOTH halves,Win 33%->51%; avg +20.5%->+32.1%; median flipped positive; adopted live,adopted
derived-entries-price-anchored,2026-08-03,Entries derived from current prices can expand the backtest sample,Logical audit,Circular (every stock sits near its own entry); quarantined to screening only,rejected
derived-exits-price-free,2026-08-03,Exits as entry x analyst median multiple expand the sample honestly,Price-free derivation; replayed in Lab,Non-circular; adopted for Lab sample expansion,adopted
swing-dip-buying,2026-08-04,Buying 5-8% dips in uptrends earns 5% quickly,Swing Lab: 4 pools x 7 variants; conservative fills; per-pool costs,Net LOSS in both halves on every pool tested; worst family tested,rejected
swing-oversold-stocks,2026-08-04,Oversold RSI<30 on single stocks mean-reverts profitably,Swing Lab on curated / large caps / NDX constituents / OTC ADRs,Positive first half then negative second (large caps and NDX); costs bury OTC; regime-fragile,rejected
swing-oversold-etfs,2026-08-04,Oversold RSI<30 on index and sector ETFs mean-reverts profitably,Swing Lab ETF pool at 0.10% cost,Win 71%; ~+1.5% net per ~9-session trade; positive AND above control in both halves (n=89/41); candidates unlocked; sample still modest,adopted
swing-breakout,2026-08-04,20-day-high breakouts continue upward over days,Swing Lab all pools,Flat to negative everywhere; no pool passed,rejected
otc-any-strategy,2026-08-04,Liquid OTC ADRs can be swing-traded at 1% round-trip cost,Swing Lab OTC pool (optimistic bound for OTC),Every strategy netted a loss in both halves; OTC spread eats a 5% target,rejected
dynamic-entries,2026-08-04,The analyst entry rule evaluated point-in-time beats static levels,Entry-mode Lab: static control vs dynamic on same tickers,Beat control in BOTH halves (win 56% vs 32%; median +27.9% vs -9.3%) but n=11/7 per half is under the n>=15 bar; surfaced on stale rows only; re-test as history grows,monitoring
premarket-signals,2026-08-07,Premarket gaps + news predict day outcomes,No free premarket history exists,Untestable with this stack; premarket is context-only by design and never gates or scores,untestable
day-trading,2026-08-06,Intraday trading can be profitable for this account,Extrapolation from own Lab horizon curve + external evidence (Barber & Odean; FCA loss disclosures),Edge shrinks monotonically as horizon shrinks while costs are fixed; not pursued; no intraday data to test honestly,rejected
pick-of-day-crown,2026-08-07,The top-ranked gem outperforms lower-ranked gems,Forward pick log grades every crowned pick against real exits,On trial; n=1 logged pick; judge at 30+ closed picks per house rules,monitoring
reddit-attention-contrarian,2026-08-10,Gems with spiking Reddit attention at signal time underperform quiet gems,Forward test: every scan now logs each gem's mention count (ApeWisdom); hot = >=30 mentions AND >=2x prior day (thresholds fixed now); bar = quiet gems beat hot gems' forward returns in both halves at >=15 gems/arm/half,Design and thresholds fixed before any forward data exists; no free historical Reddit archive so the dataset accumulates from the daily scans; overlay meanwhile surfaces as caution-flag context only,proposed
pead-drift,2026-08-09,Prices keep drifting up for weeks after a clearly positive earnings surprise,Pre-registered event study (1358 events / 353 US tickers / ~4 quarters): surprise >=+5% arm vs neutral (+/-2%) control; entry next close; 20 sessions; 0.3% costs; bar = positive beats neutral in both halves at >=30 events/arm/half,FAILED - inverted on this universe. Positive-surprise beats averaged -0.4% (win 47%) while NEUTRAL reporters averaged +2.3% (win 60%) and won both halves. Caveats recorded: microcap EPS 'surprises' are tiny-denominator noise (median event was already a +7% beat; extremes reached +/-millions of percent) and the window is ~1 year - but on THIS universe buying the beat looks like buying the sell-the-news top. Classic large-cap PEAD does not transfer,rejected
trend-filter-defensive,2026-08-09,Holding SPY only above its long-term trend avoids deep drawdowns cheaply,Pre-registered 10y test: 10-month SMA / 200-day SMA / 12m absolute momentum vs buy-and-hold; defensive bar = drawdown 25%+ shallower AND CAGR within 3pts in BOTH halves,NONE passed. SMA filters gave up ~7pts of CAGR/yr (8.2% vs 15.4%) for almost no drawdown relief (-23.4% vs -23.9%) - this decade's crashes were too fast for month-end signals which sold after the damage and re-bought late. 12m momentum came closest (DD -19.5% and only -3.4pts CAGR) but improved nothing in the first half. Insurance that costs 7%/yr and doesn't pay out is not insurance,rejected
etf-momentum-rotation,2026-08-09,Monthly rotation into the strongest ETFs captures the momentum premium after costs,Pre-registered 10y backtest (2016-2026; 39 ETFs; 120 months): 4 lookback/top-k variants vs SPY buy-and-hold AND equal-weight controls; bar = beat both controls in both halves at >=36 months/half,NONE passed. The 12m/top-3 variant posted 23.5% CAGR vs SPY's 15.4% - but LOST the first half (+1.33%/mo vs +1.45%) and won only the second (+2.66% - the 2024-26 metals/crypto regime); 3m won the first half and lost the second. Every variant had deeper drawdowns (-26% to -39% vs -24%) and fewer positive months than just holding SPY. Regime-chasing dressed as a premium; without the halves rule the 23.5% headline would have been traded,rejected
sleeve-allocation-20,2026-08-11,A 20% speculative sleeve (user preference) compounds better than Poon's 10% cap,Forward test via the pick log + portfolio tracker: at 30 closed sleeve positions compare sleeve return vs core return over the same period,"Withdrawn the same evening before any forward data accrued - on reflection the user adopted Poon's 10% cap. Recorded rather than deleted: the appetite existed, the structure caught it, and any future raise back to 20% goes through a NEW pre-registered row, not a mood",rejected
allocation-constitution,2026-08-11,"Per-wrapper risk budgets: SIPP stocks <=10% / ISA stocks <=20% (plus IIPR-class quality ~10% ISA)","Adopted as policy after the 20->10->14 deliberation; enforced by caps + no-new-buys-while-over + harvest rule + ratcheted stops; reviewed at the 30-close pick-log verdict like everything else","The compromise that matches conviction to wrapper: pension compounds untouched while accessible capital carries the daring - converges from transitional overweight via already-armed exits rather than forced sales",adopted
