ticker,name,description,target_entry,target_exit
AAF.L,Airtel Africa,Telecom Africa,40.0,
AAPL,Apple Inc,Big tech,,
AAXN,Axon Enterprise,Public safety,40.0,
ABBV,AbbVie Common Stock,Pharma,,
ABDP,Ab Dynamics PLC,Electric Testing ev2,,
ABEO,Abeona Therapeutics,Biotech,,
ABM,ABM Industries Inc,Facilities,,
ABNB,Airbnb Inc,Short-term rentals,100.0,
ACA,Arcosa Inc,Building products,,
ACES,ALPS Clean Energy ETF,Clean Energy ETF,,
ADA-USD,Cardano,Crypto,0.5,3.0
ADI,Analog Devices Inc,5G,100.0,
ADSK,Autodesk Inc,3D medical animation,150.0,
AES,AES Corp,Utility,,
AGGP,WisdomTree Agriculture ETF,ETF Grains,,
AHT,Apollo Hospitality Trust,REIT,,
AI,C3.ai Inc,Big Data AI,20.0,50.0
DVLT,Datavault AI,Psychedelics/Crypto,1.0,
AIM,AIM ImmunoTech,Immunotech,,
AIT,Applied Industrial Technologies,Med logistics,55.0,
ALPP,Alpine 4 Holdings,SPAC,,
ALTO,Alto Ingredients Inc,PEIX alternative alcohol,1.0,4.0
AMBA,Ambarella Inc,Space robotics,,
AMCI,AMC Robotics Corp,Robotics,,
AMGN,Amgen Inc,Biotech,,
AMLM,American Lithium Minerals,Lithium play,,
AMRN,Amarin Corporation PLC,Pharma heart,,
AMS:AVTX,Avantium NV,Biofuel,,
AMT,American Tower Corp,Cell towers REIT,,
AMTX,Aemetis Inc,Carbon solar,,
AMWL,American Well Corp,Telemed,,
ANAB,AnaptysBio Inc,Pharma,14.0,
ANET,Arista Networks,Networking,,
ANIC.L,Agronomics Ltd,Cultivated meat,5.0,15.0
API,Agora Inc,Clubhouse client,,
APO,Apollo Global Management,PE,,
APPN,Appian Corp,SaaS,,
APPS,Digital Turbine Inc,Mobile ads,4.5,
APT,Alpha Pro Tech,PPE,,
AQB,Aquabounty Technologies,Fishing tech,,
ARCO,Arcos Dorados Holdings,Restaurants,,
ARTL,Artelo Biosciences Inc,Cannabis x Cancer,,
ASP.AX,Aspermont Ltd,Mining publisher,,
ASTC,Astrotech Corp,Tech,3.0,15.0
ASTI,Ascent Solar Technologies,Solar clean energy,3.0,
ATHA.CN,Athena Gold Corp,Gold,,
ATOS,Atossa Therapeutics,Ovarian cancer,,
ATVK,Globaltek Ventures Inc,Tech,,
AUPH,Aurinia Pharmaceuticals,Pharma,,
AVAV,AeroVironment Inc,Drones,,
AVAX-USD,Avalanche,Crypto,30.0,100.0
AVB,AvalonBay Communities Inc,REIT,,
AVON.L,Avon Technologies PLC,Defence equipment,,
AVTX,Avalo Therapeutics Inc,Pharma,,
AZN,AstraZeneca PLC US,Pharma,,
BABA,Alibaba Group Holding ADR,Chinese e-commerce,80.0,
BABYF,Else Nutrition Holdings,Plantbased baby nutrition,,
BARC,Barclays PLC,UK bank,90.0,300.0
BATT,Amplify Lithium & Battery Tech,Battery ETF,10.0,
BAVA,Bitwise Avalanche ETF,Mpox vaccine,,
BAYRY,Bayer AG,Pharma,30.0,75.0
BB,BlackBerry Ltd,EV tech,,
BBBY,Bed Bath & Beyond,Retail meme,,
BBOX.L,Tritax Big Box REIT PLC,Warehouse REIT,120.0,160.0
BC,Brunswick Corp,Marine,,
BE,Bloom Energy Corp,Fuel cells,,
BEEM,Beam Global,EV Charging/Solar,,
BEP,Brookfield Renewable Partners LP,Renewable Energy,,
BEPC,Brookfield Renewable Corp,Renewable,39.51,
BETZ,Roundhill Sports Betting ETF,Sports betting ETF,18.78,
BFIT.AS,Basic-Fit NV,Gym,20.0,
PSFE,Paysafe Ltd,Paysafe payments SPAC,,
BHP,BHP Group Ltd,Mining,35.0,
BHVN,Biohaven Ltd,Biotech,,
BIDU,Baidu Inc,E-commerce China,80.0,300.0
BIIB,Biogen Inc,Biotech,,
BILI,Bilibili Inc ADR,Chinese social media,10.0,
BIRD,Allbirds,Apparel,10.0,
BLFS,BioLife Solutions Inc,Biotech tools,,
BLNK,Blink Charging Co,EV charging,3.0,
BMBL,Bumble Inc,Dating app,4.0,
BMNR,Bitmine Immersion Technologies,Bitcoin mining,30.0,
BNB-USD,Binance Coin,Crypto,300.0,1000.0
BNTX,BioNTech SE ADR,Pharma mRNA,,
BOSC,BOS Better Online Solutions,Electronics telecom,,
BOWL.L,Hollywood Bowl Group,Bowling,307.5,
BOX,Box Inc,Cloud storage,,
BOXL,Boxlight Corp,EdTech,,
BRNT.L,WisdomTree Brent Crude ETC,Oil ETF,,
BTC-USD,Bitcoin,Tier 1 crypto,60000.0,100000.0
BUD,Anheuser-Busch InBev,Beverages,,
BUI,BlackRock Utility Infrastructure,Infrastructure,,
BW,Babcock & Wilcox Enterprises,Sustainable Energy,,
BX,Blackstone Inc,PE,,
BXP,BXP Inc,REIT,,
BYG,Big Yellow Group plc,Storage,800.0,2000.0
BYND,Beyond Meat Inc,Veganism,10.0,50.0
BYRN,Byrna Technologies Inc,Defence ammo,,
CACI,CACI International,Defence,,
CAL,Caleres Inc,Footwear,6.0,
CAN,Canaan Inc ADR,Crypto mining,,
CBAT,CBAK Energy Technology Inc,Battery,,
CCI,Crown Castle Inc,Cell towers REIT,,
CCJ,Cameco Corp,Nuclear,20.0,
CELH,Celsius Holdings Inc,Energy drinks,30.0,50.0
CEW,WisdomTree Emerging Currency,EM FX ETF,,
CGC,Canopy Growth Corp,Cannabis CBD therapy,,
CGRO,CoreValues Alpha Greater China Growth ETF,China ETF,,
CHPT,ChargePoint Holdings,EV Charging,,
CHRG.L,WisdomTree Battery Solutions UCITS,Battery Value Chain,,
CHWY,Chewy Inc,Pets,20.0,
CINGF,Coinsilium Group,Crypto,,
CLIS.TA,Clal Insurance Enterprises Holdings,Israeli insurance,,
CLLS,Cellectis SA,Gene Editing,,
CLNE,Clean Energy Fuels Corp,Clean energy,2.0,
CLOV,Clover Health Investments,Ai play,4.14,
CLSK,CleanSpark Inc,Crypto mining,6.0,
CLVR,Clever Leaves Holdings,Medical cannabis,,
CMCM,Cheetah Mobile Inc,Owns Cleanmaster,1.5,
CMCX,CMC Markets Plc,Trading platform,77.0,400.0
CMGR,Clubhouse Media Group,Media,,
CMPS,Compass Pathways PLC,Psychedelics,,
CNC,Centene Corp,Operose healthcare,59.06,
COCP,Cocrystal Pharma Inc,Covid 19 testing,,
COIN,Coinbase Global Inc,Crypto Exchange,150.0,500.0
COST,Costco Wholesale Corp,Membership retail,500.0,1000.0
COUR,Coursera Inc,Ed Tech,10.0,
COWI,CarbonMeta Technologies,Carbon,,
CPG.L,Compass Group plc,Immig catering,,
CPI,Carlton Precious Inc,Immig admin/visas,,
CPNG,Coupang Inc,Amazon South Korea,,
CRBP,Corbus Pharmaceuticals,Pharma,2.0,
CREE,Cree Inc,Semiconductors,,
CRM,Salesforce Inc,Enterprise software,100.0,
CRNT,Ceragon Networks,5G,,
CRSP,CRISPR Therapeutics,Gene editing,40.0,100.0
CRTO,Criteo SA,Ad tech,20.0,
CRWD,CrowdStrike Holdings Inc,Internet Sec,70.0,
CSCO,Cisco Systems Inc,Networking,30.0,
CSPX.L,iShares Core S&P 500 UCITS ETF,ETF S&P500,,
CVNA,Carvana Co,Used car vending,,
CVS,CVS Health Corp,Pharmacy distribution,,
CWB,SPDR Bloomberg Convertibles ETF,Convertible Bond ETF,,
CYB.TO,Cymbria Corp,Yuan ETF,,
DAR,Darling Ingredients Inc,Industrial,,
DARE,Daré Bioscience,Female Viagra,,
DASH,DoorDash Inc,Delivery,,
DATA.L,GlobalData PLC,Data,200.0,
DBK,Deutsche Bank AG,Banking,5.0,25.0
DDD,3D Systems Corp,3D Printing,5.0,
LABD,Direxion Daily S&P Biotech Bear 3X,ETF,50.0,400.0
DEFI,Hashdex Bitcoin ETF,Bitcoin ETF,,
DELL,Dell Technologies Inc,Laptop Lockdown play,,
DIS,Walt Disney Co,Media,100.0,200.0
DKNG,DraftKings Inc,Sports betting,16.0,
DLPN,Dolphin Entertainment Inc,Media,,
DLR,Digital Realty Trust Inc,Datacentre REIT,105.0,200.0
DNN,Denison Mines Corp,Uranium,0.6,
DOCU,Docusign Inc,SaaS,60.0,100.0
DOGE-USD,Dogecoin,Crypto,,
DOYU,Douyu International,Chinese video streaming,3.0,
DRIV,Global X Autonomous & Electric Vehicles ETF,EV ETF Driverless,,
DSS,DSS Inc,Health/security,,
DT,Dynatrace Inc,APM SaaS,,
DUKE,Duke Capital Ltd,Royalty financing,,
DUOL,Duolingo Inc,Ed tech,200.0,
DVN,Devon Energy Corp,Oil & gas,,
DXCM,DexCom Inc,Med instruments,30.0,
EBON,Ebang International Holdings,Mining doge and lite,,
ECAR.L,iShares Electric Vehicles ETF,ETF Electric Vehicles,4.0,12.0
ECOR,electroCore Inc,Biotech,,
EDIT,Editas Medicine Inc,CRISPR,,
EH,EHang Holdings Ltd ADR,Drones,,
EHTH,eHealth Inc,Health insurance,,
EL,Estee Lauder Companies Inc,Beauty,,
ELVN,Enliven Therapeutics,Sickle cell,14.0,30.0
ELYS,Elys Game Technology,Gaming Tech,,
EMQQ,EMQQ Emerging Markets Internet,ETF EM China Tech,,
ENVB,Enveric Biosciences,Cancer,,
ENZC,Enzolytics Inc,Virus cures,,
EONR,EON Resources Inc,Energy,0.5,
EPA:AIR,Airbus SE,Aerospace,100.0,
EPA:KER,Kering SA,Luxury,,
EPA:RMS,Hermes International SCA,Luxury,1000.0,
EPA:SAN,Sanofi SA,Pharma,,
EPA:SOP,Sopra Steria Group,UK govt eVisas,150.0,
EPA:SU,Schneider Electric SE,Solar Electric,60.0,
EPA:VIV,Vivendi SE,Media,,
EPC,Edgewell Personal Care,Male grooming,25.0,
EPR,EPR Properties,REIT Tourism,22.0,
EQ,Equillium Inc,Pharma,,
ESPO,VanEck Video Gaming and eSports,ETF Gaming/esports,40.0,
ESSITY-A.ST,Essity AB,Global Hygiene,200.0,
ESTC,Elastic NV,Search SaaS,,
ESYS.L,essensys PLC,Office software,17.0,
ETH-USD,Ethereum,Tier 1 crypto,1000.0,10000.0
ETHE,Grayscale Ethereum Trust,Ethereum Fund,20.0,
DHL.DE,DHL Group,Logistics,30.0,
ETSY,Etsy Inc,E-commerce,,
EURN,Euronav NV,Marine oil storage,,
EVSV,Enviro-Serv Inc,Environmental services,,
EXEL,Exelixis Inc,Pharma,,
EXK,Endeavour Silver Corp,Silver mining,,
FCEL,FuelCell Energy Inc,Natural Bio gas fuel,,
FCVT,First Trust SSI Strategic Convertible ETF,Convertible Bond ETF,,
FCX,Freeport-McMoRan Inc,Copper,50.0,
FDMT,4D Molecular Therapeutics,Gene editing,,
FDX,FedEx Corp,Logistics,,
FET-USD,FET,Ai crypto,1.0,
FIG,Figma Inc,Design SaaS,45.0,
FIVN,Five9 Inc,Ai Business spend,50.0,
FIZZ,National Beverage Corp,Beverages,,
FLGT,Fulgent Genetics Inc,Genetics,10.0,
FLL,Full House Resorts,Gaming,,
FLT,FleetCor Technologies,Payments,,
FOUR,Shift4 Payments,Payments,,
FRPT,Freshpet Inc,Pet Food refrigerated,,
FSJ,James Fisher and Sons PLC,Marine oil/gas,,
FTAI,FTAI Aviation,Aviation leasing,,
FTNT,Fortinet Inc,Cybersec,,
FUBO,fuboTV Inc,Streaming,2.0,10.0
FULT,Fulton Financial,Regional bank,,
FUNO11,Fibra Uno,Mexican REIT,,
FVRR,Fiverr International,Freelancers,,
FXB,Invesco CurrencyShares British Pound,Forex ETF GBP,,
GAMA,Gamma Resources Ltd,Mining,,
GLBS,Globus Maritime,Marine cargo,1.0,3.0
GLD,SPDR Gold Trust,Gold ETF,300.0,
GLEN,Glencore PLC,Mining,125.0,400.0
GMBL,Esports Entertainment Group,Esports,,
GME,GameStop Corp,Gaming,15.0,
GNPX,Genprex Inc,Biotech,0.25,
GOOG,Alphabet Inc Class C,Big tech,150.0,
GRAB,Grab Holdings Ltd,Ride share,4.0,
GRPN,Groupon,E-commerce,10.0,30.0
GRWG,GrowGeneration Corp,Cannabis,,
GS,Goldman Sachs Group Inc,Investment bank,140.0,1000.0
GTCH,GBT Technologies Inc,Microchip Mobile Tech,,
GTLB,Gitlab Inc,DevOps,20.0,
GWO.TO,Great-West Lifeco Inc,Insurance,,
HAYD,Haydale Graphene Industries,Graphene fabric,0.5,
HCAC,Hennessy Capital Acquisition,EV SPAC,,
HCMC,Healthier Choices Management Corp,Healthcare,,
HEMO.L,Hemogenyx Pharmaceuticals,Biotech blood,1.5,
HERO,Global X Video Games & Esports ETF,Gaming esports,1.0,
HIMS,Hims & Hers Health Inc,Telehealth,10.0,60.0
HIVE,HIVE Digital Technologies,Bitcoin mining,,
HKG:0700,Tencent Holdings Ltd,Chinese tech,,
HNST,The Honest Company,Consumer,2.0,
HOG,Harley-Davidson Inc,Motorbikes,,
HOOD,Robinhood Markets Inc,Brokerage,40.0,
HSW,Hostelworld Group PLC,Travel,,
HSY,Hershey,Snacks,,
HUMA,Humacyte Inc,Biotech,2.0,
HUT,Hut 8 Corp,Bitcoin mining,10.0,20.0
HUYA,HUYA Inc ADR,Chinese streaming,,
IBIT,iShares Bitcoin Trust ETF,Bitcoin ETF,30.0,
IBM,IBM Common Stock,Enterprise IT,,
IBUY,Amplify Online Retail ETF,E-commerce ETF,,
ICLN,iShares Global Clean Energy ETF,Clean Energy ETF,,
ICVT,iShares Convertible Bond ETF,Bond ETF,30.0,
IESC,IES Holdings Inc,Electrical,,
IGG,IG Group Holdings plc,Trading platform,,
IHG,InterContinental Hotels Group,Hotels,30.0,
IIPR,Innovative Industrial Properties,REIT Cannabis Industrial,70.0,200.0
ILMN,Illumina Inc,Gene sequencing,100.0,
INCY,Incyte Corp,Biotech,,105.0
INFY,Infosys Ltd,Cloud IT,,
INGN,Inogen Inc,Medical,,
INGR,Ingredion Inc,Corn,60.0,
INRG.L,iShares Global Clean Energy ETF,Clean energy ETF,600.0,1000.0
INTC,Intel Corp,Semiconductors,40.0,
IONI,I-On Digital Corp,Data mgmt,0.2,
IONQ,IONQ Inc,Quantum Computing,5.0,
IPWR,Ideanomics,EV,,
IQ,iQIYI Inc ADR,Online streaming,,40.0
IR,Ingersoll-Rand Inc,Industrial,,
IRDM,Iridium Communications Inc,Work with SpaceX,,
ISPY,iShares Cybersecurity ETF,Cybersecurity ETF,,
CATX,Perspective Therapeutics,Brachytherapy prostate,1.0,
ISUN.L,Invesco Solar Energy UCITS ETF USD,Solar ETF,,
IT,Gartner Inc,Research,150.0,
IUKD.L,iShares UK Dividend UCITS ETF,ETF UK Income,,
IVZ,Invesco Ltd,Asset management,,
IWMO.L,iShares Edge MSCI World Momentum,ETF Momentum MSCI,80.0,
IZEA,IZEA Worldwide Inc,Influencer marketing,3.0,10.0
JAGX,Jaguar Health,Pharma,,
JD,JD.com Inc,E-Commerce,30.0,100.0
JKS,JinkoSolar Holding,Solar,30.0,
JMIA,Jumia Technologies AG,African e-commerce,2.0,
JOBY,Joby Aviation Inc,EV aviation,8.0,
KLAR,Klarna Group PLC,Fintech,10.0,
KLXE,KLX Energy Services Holdings,Energy,,
KMI,Kinder Morgan Inc,Pipeline,,
ZVRA,Zevra Therapeutics,Pharma pain relief,,
KNDI,Kandi Technologies,EV,,
KO,Coca-Cola Co,Beverages,40.0,
KODK,Eastman Kodak Co,Imaging,,
KOPN,Kopin Corp,VR/AR,,
KOSS,Koss Corp,Audio,,
KSS,Kohl's Corp,Retail,,
KWEB,KraneShares CSI China Internet ETF,China ETF,,
LBTI,Lithium & Boron Technology,Lithium battery tech,2.5,4.0
LCID,Lucid Group Inc,EV SPAC,,
LCTX,Lineage Cell Therapeutics,Biotech,,
LDO,Leonardo SpA,Defence,5.5,30.0
LEA,Lear Corp,EV electrical systems,,
LGHL,Lion Group Holding ADR,Fintech,,
LI,Li Auto Inc,EV,,
LIFE,aTyr Pharma,Pharma,,
LIN,Linde PLC,Industrial gas,200.0,
LINK-USD,Chainlink,Crypto,10.0,
LIT,Global X Lithium & Battery Tech ETF,Lithium ETF,,
LLOY.L,Lloyds Banking Group,UK Bank,30.0,
LLY,Eli Lilly And Co,Pharma,600.0,1200.0
LMFA,LM Funding America Inc,Fintech,,
LOCK.L,iShares Digital Security UCITS ETF,Digital Security ETF,4.5,
LOIL.L,WisdomTree WTI Crude Oil ETC,Oil ETF,,
LON:AML,Aston Martin Lagonda,Luxury auto,40.0,
LON:ANTO,Antofagasta plc,Copper,2500.0,
LON:ARS,Asiamet Resources,Mining,,
LON:ASC,ASOS plc,UK fashion,500.0,1000.0
LON:BAG,A G Barr PLC,UK beverages,300.0,
LON:BIG,Big Technologies PLC,Tech,,
LON:CAML,Central Asia Metals PLC,Metals,150.0,
LON:CARD,Card Factory PLC,Greeting cards,,
LON:CBG,Close Brothers Group plc,UK Bank,200.0,400.0
LON:CNA,Centrica PLC,UK gas,40.0,140.0
LON:CPI,Capita PLC,Business Service AAS,,
LON:ECO,Eco Atlantic Oil & Gas,Oil,10.0,
LON:ELM,Elementis plc,Personal care,,
LON:EMH,European Metals Holdings,Mining,15.0,
LON:EZJ,easyJet plc,Airline,300.0,1000.0
LON:FUTR,Future plc,Media,300.0,
LON:GAW,Games Workshop Group,Gaming,7000.0,
LON:GDR,Genedrive PLC,Diagnostics,,
LON:GRG,Greggs plc,UK food,850.0,
LON:GSK,GSK plc,Pharma,1000.0,
LON:GST,GSTechnologies,ICT,,
LON:HLMA,Halma plc,UK safety,2000.0,
LON:HOC,Hochschild Mining Plc,Mining,615.5,
LON:IPO,IP Group Plc,Innovation,50.0,
LON:ITM,ITM Power plc,Hydrogen,,
LON:ITV,ITV plc,UK broadcaster,60.0,100.0
LON:KOD,Kodal Minerals PLC,Gold/lithium,,
LON:MER,Mears Group PLC,Immigration centres,,
LON:MNO,Meridian Mining PLC,Mining,,
LON:MOON,Moonpig Group PLC,Online cards,,
LON:MTRO,Metro Bank Holdings plc,UK bank,,
LON:OMG,Oxford Metrics PLC,3D motion,50.0,100.0
LON:SHI,SIG plc,Construction products,30.0,
LON:SHOE,Shoe Zone PLC,Footwear,50.0,200.0
LON:SKG,Smurfit Kappa Group,Corrugated Packaging,,
LON:SLP,Sylvania Platinum Ltd,Platinum,,
LON:SML,Strategic Minerals PLC,Mining,2.5,
LON:SRT,SRT Marine Systems PLC,Marine tech,,
LON:SSE,SSE PLC,UK utility,1000.0,
LON:SUPR,Supermarket Income REIT,UK Supermarket REITs,70.0,
LON:TGP,Tekmar Group PLC,Energy,12.0,
LON:THG,THG PLC,E-commerce,50.0,
LON:TPK,Travis Perkins plc,Wickes/home improvement,,
LON:TRN,Trainline PLC,UK rail booking,,
LON:TSCO,Tesco PLC,UK supermarket,170.0,
LON:UOG,United Oil & Gas,Oil,0.17,0.5
LON:WPP,WPP PLC,Marketing,270.0,
LON:XSPS,Xtrackers S&P 500 Inverse,Short ETF,400.0,
LOW,Lowe's,Home improvement,,
LPCN,Lipocine Inc,Pharma,,
LQD,iShares iBoxx $ Inv Grade Corporate,Corporate Bond ETF,,
LRCX,Lam Research Corp,Semis,,
LTC-USD,Litecoin,Tier 1 crypto,80.0,300.0
LULU,Lululemon Athletica Inc,Apparel,,
LUNA,Luna Innovations Inc,Fibre optics,,
LUNR,Intuitive Machines Inc,Space,4.0,10.0
LYB,LyondellBasell Industries,Plastics,50.0,100.0
LYV,Live Nation Entertainment,Concerts,35.0,
LZ,LegalZoom.com Inc,Legal tech,,
M,Macy's Inc,Retail,5.0,
MA,Mastercard Inc,Payment network,200.0,500.0
MAB,Mitchells & Butlers plc,Pubs,100.0,
MANO.L,Manolete Partners PLC,Insolvency litigation,50.0,
MANU,Manchester United,Football,15.0,25.0
MARA,MARA Holdings Inc,Crypto correlation,,
MBUU,Malibu Boats Inc,Marine,,
MC.PA,LVMH,Luxury,450.0,
MCK,McKesson Corp,Healthcare distribution,160.0,
MDLZ,Mondelez International,Snacks,,
MDT,Medtronic PLC,Med devices,,
MEDIF,Medipharm Labs Corp,Cannabis,0.15,0.3
MELI,MercadoLibre Inc,Argentina Amazon,500.0,1500.0
META,Meta Platforms Inc,Social media,100.0,500.0
METX.CN,ME Therapeutics Holdings,Med Tech,3.0,6.0
MGTI,MGT Capital Investments,Crypto mining,,
NTRP,NextTrip Inc,NFT,,
MKS.L,Marks and Spencer Group,UK retail,90.0,250.0
MMED,MiniMed Group Inc,Medical mushrooms,,
MMM,3M Co,Industrial,,
MNR,Mach Natural Resources LP,Energy MLP,,
MOMO,Hello Group Inc,Chinese Tinder,,
MOTS,Motus GI Holdings,Med devices surgery,,
MP,MP Materials Corp,Rare earth metals,,
MRK,Merck & Co Inc,Pharma,,
MRNA,Moderna Inc,Pharma mRNA,,150.0
MSTR,Strategy Inc,Bitcoin treasury,115.0,
MTCH,Match Group Inc,Dating,40.0,
MTLS,Materialise NV,3D Printing,,
MTO,Mitie Group PLC,Immig facilities,,
MTUM,iShares MSCI USA Momentum,Momentum ETF,,
MUX,McEwen Mining Inc,Gold mining,,
MWK,Mohawk Industries Inc,Carpet,,
NACP,Impact Shares NAACP Minority Empowerment,Racial Inequality ETF,,
NANO.L,Nanoco Group PLC,Nanotech,10.0,
NAT,Nordic American Tankers,Marine,3.0,6.0
NCNO,nCino Inc,Salesforce for banking,,
NCTY,The9 Ltd,Crypto mining,,
NDAQ,Nasdaq Inc,Exchange,,
NEE,NextEra Energy Inc,Renewable energy,,
NEON,Neonode Inc,Optical sensing,1.78,
NET,Cloudflare Inc,Cybersec,30.0,200.0
NFLX,Netflix Inc,Streaming,70.0,1000.0
NKE,Nike Inc,Athletic apparel,50.0,150.0
NKTR,Nektar Therapeutics,Pharma,,
NNDM,Nano Dimension Ltd ADR,Nanotech 3D printing,1.5,
NNN,NNN REIT Inc,REIT,,
NOK,Nokia Oyj,Telecom,,
NOVN,Novartis AG,Pharma,25.0,100.0
NPF.NZ,Smart NZ Property ETF,NZ REIT,,
NRR,Newriver REIT PLC,REIT,,
NSA,National Storage Affiliates,Storage REIT,25.0,50.0
NTLA,Intellia Therapeutics Inc,Gene editing,,
NTNX,Nutanix Inc,Cloud,,
NUCG.L,VanEck Uranium and Nuclear Tech,ETF Uranium & Nuclear,30.0,
NUMD,Nu-Med Plus Inc,Nitric Oxide,,1.0
NUMI,Nuveen Municipal Income ETF,Medical mushrooms,,
NVAX,Novavax Inc,Pharma vaccine,,
NVDA,NVIDIA Corp,Semiconductors,90.0,200.0
NVO,Novo Nordisk A/S,Pharma,,
NVT,nVent Electric PLC,Data centre cooling,40.0,
NWE,NorthWestern Energy Group,Utility,,
NXE,NexGen Energy,Uranium,2.0,
NXMH,Next Meats Holdings,Plant-based,,
NXPI,NXP Semiconductors NV,5G,100.0,
NYSE:AXP,American Express Co,Payments,80.0,
BODI,The Beachbody Company (BODi),SPAC Health and fitness,,
NYSE:HL,Hecla Mining Co,Silver mining,,
NYSE:PATH,UiPath Inc,Automation,12.0,
NYSE:TEVA,Teva Pharmaceutical,Pharma,10.0,15.0
NYSE:VALE,Vale SA,Mining,,
NYSE:WPM,Wheaton Precious Metals Corp,Precious metals,,
OC,Owens Corning,Marine,,
OCDO,Ocado Group PLC,UK online grocery,,2500.0
OCGN,Ocugen Inc,Pharma eye disease,1.4,
OGEN,Oragenics Inc,Covid Play,,
OGI,Organigram Global Inc,Cannabis,,
OKE,ONEOK Inc,Pipeline,,
OKLO,Oklo Inc,Nuclear,50.0,
OKTA,Okta Inc,Remote Access ID,70.0,250.0
ONEW,OneWater Marine Inc,Marine,,
ONTX,Onconova Therapeutics,Oncology therapeutics,0.3,
OPEN,Opendoor Technologies,Real estate,,
OPK,OPKO Health Inc,Pharma,,
OPTT,Ocean Power Technologies,Wave energy,,
ORCL,Oracle Corp,Enterprise software,,
ORGO,Organogenesis Holdings,Regenerative medicine,,
ORLY,O'Reilly Automotive,Auto parts,,
ORSTED.CO,Orsted A/S,Renewable Energy,300.0,600.0
OTLK,Outlook Therapeutics,Pharma oncology,,
OTLY,Oatly Group AB ADR,Plant-based,,
OUST,Ouster Inc,Driverless tech lidar,3.5,10.0
OWLT,Owlet Inc,Baby remote monitor,5.0,12.0
PAAS,Pan American Silver Corp,Silver mining,,
PAF,Pan African Resources plc,Mining,,
PANW,Palo Alto Networks Inc,Cyber security,,
PAVM,PAVmed Inc,Med devices,,
PBW,Invesco WilderHill Clean Energy ETF,Clean Energy ETF,,
PCTY,Paylocity Holding,SaaS,100.0,
PDD,PDD Holdings Inc ADR,Chinese e-commerce,,
PDSB,PDS Biotechnology Corp,Pharma,,
PEGA,Pegasystems Inc,Digital transformation,,
PENN,PENN Entertainment Inc,Gaming,,
PHE,Powerhouse Energy Group PLC,AFC competitor,,
PHM,PulteGroup,Homebuilder,80.0,
PHSP.L,WisdomTree Physical Silver,ETF Phys Silver,,
PHUN,Phunware Inc,Tech,,
PINS,Pinterest Inc,Social media,25.0,
PKG,Packaging Corp Of America,Corrugated Packaging,,
PKI,PerkinElmer Inc,Crispr HZD,,
ELVR,Elevra Lithium,Tesla lithium battery,,
PLTR,Palantir Technologies Inc,Big Data,15.0,
PLTXF,JIVA Technologies Inc,Plant-based,,
PLUG,Plug Power Inc,EV battery,3.96,
PMTU,PMTU,Telehealth,,
POLA,Polar Power Inc,Solar and EV charging,,
PPBT,Purple Biotech,Non-steroid drugs,,
PRD,Predator Oil & Gas Holdings,Oil,,
PRIM,Primerica Inc,Insurance,,
PROF,Profound Medical Corp,Knifeless Surgery,,
PRPO,Precipio Inc,Diagnostics,4.0,20.0
PSN,Parsons Corp,Defence,,
PSNL,Personalis Inc,Cancer genomics,10.0,
PLUR,Pluri Inc,ARDS Covid play,4.0,
PTC,PTC Inc,Industrial software,,
PTCT,PTC Therapeutics Inc,Pharma,,
PTN,Palatin Technologies Inc,Pharma,,
PTON,Peloton Interactive Inc,Fitness,5.0,
PTY,PIMCO Corporate&Income Opportunity Fund,Fixed income,,
PRPL,Purple Innovation,Mattresses,50.0,
PW,Power REIT,Cannabis REIT,,
PYPL,PayPal Holdings,Payments,100.0,250.0
QCOM,Qualcomm Inc,Semis,50.0,
QDEL,Quidel Corp,Diagnostics manufacturer,,
QTUM,Defiance Quantum ETF,Quantum ETF,,
QUBT,Quantum Computing Inc,Quantum,5.0,
RBRK,Rubrik Inc,Cybersecurity,20.0,
RBTX.L,iShares Automation & Robotics,US TECH Automation,,
REEMF,Rare Element Resources,Rare earths,,
REI,Ring Energy,Oil,1.5,
RGLD,Royal Gold Inc,Gold royalties,,
RIOT,Riot Platforms Inc,Crypto mining,2.0,
RENDER-USD,Render,Crypto,10.0,
ROKU,Roku Inc,Streaming/Digital media,70.0,
RPD,Rapid7 Inc,Cybersecurity,,
RTO,Rentokil Initial PLC,Pest control,,550.0
RUSHB,Rush Enterprises Class B,Trucks,,
RVLV,Revolve Group Inc,Fashion tech,20.0,50.0
RVP,Retractable Technologies Inc,Manufacture safety needle,,
RVSN,Rail Vision Ltd,Rail tech,1.0,
LFWD,Lifeward Ltd,Med robotics,0.5,
RWT,Redwood Trust Inc,Mortgage REIT,,
RZLV,Rezolve Ai PLC,Ai,1.0,
SAFE,Safehold Inc,Storage,,
SAM,Boston Beer Company,Alcoholic Water,,
SBAC,SBA Communications Corp,Cell towers REIT,,
SBET,SharpLink Gaming,Sports betting,15.0,
SCCO,Southern Copper Corp,Copper,100.0,
SDF,Steadfast Group Ltd,Australian insurance,,
SE,Sea Ltd,SE Asia tech,,
SENS,Senseonics Holdings,Med devices,,
SHIP,Seanergy Maritime Holdings,Marine,0.5,
SHOP,Shopify Inc,E-commerce platform,100.0,
SGLY,Singularity Future Technology,NFTs,7.0,
SKLZ,Skillz Inc,Mobile gaming,,
SKT,Tanger Factory Outlet Centers,Retail REIT,,
SLS,Sellas Life Sciences Group,Pharma,,
SMR,NuScale Power,Nuclear,20.0,
SMT.L,Scottish Mortgage Investment Trust,Trust,650.0,
SNAP,Snap Inc,Social media,10.0,20.0
SNDL,Sundial Growers,Cannabis,,
SNES,SenesTech Inc,Pest control,,
SNPW,Sun Pacific Holding,,,
SNSR,Global X Internet of Things ETF,IoT ETF,,
SOCL,Global X Social Media ETF,Social media ETF,20.0,
SOL-USD,Solana,Crypto,100.0,
SOS,SOS Limited,,,
SOUN,SoundHound AI Inc,Voice AI,30.0,
SPIP,State Street SPDR Portfolio TIPS ETF,Inflation bonds,,
SPOT,Spotify Technology SA,Music streaming,200.0,500.0
SQ,Block (Square),Cashapp,70.0,
SRP,Serica Energy,Immigration centres,,
SRPT,Sarepta Therapeutics Inc,Pharma,,
SST,System1 Inc,Marketing,2.87,
STRA,Strategic Education Inc,Ed tech,90.0,130.0
SURG,SurgePays Inc,Payments,,
0019.HK,Swire Pacific Ord Shs A,Conglomerate,10.0,
SWX:ABBN,ABB Ltd,Industrial,14.0,
SYK,Stryker Corp,Med tech,,
T,AT&T Inc,Telecom,15.0,
TAKOF,Volatus Aerospace,Drones,,
TALK,Talkspace Inc,Telemed SPAC,2.0,4.0
TBIO,Telesis Bio Inc,Synthetic biology,,
TBLA,Taboola.com Ltd,AdTech,3.0,
TCEHY,Tencent Holdings ADR,Chinese tech,,
TCOM,Trip.com Group Ltd,Travel,,
TCX,Tucows Inc,Domains,,
TDC,Teradata Corp,Data warehouse,20.0,
TDG,TransDigm Group Inc,Aerospace,,
TEAM,Atlassian Corp,SaaS Confluence/Jira,,
TECH,BIO-TECHNE Corp,Clinical diagnostic,,
TEM,Tempus AI Inc,AI - Pelosi play,8.0,
TGTX,TG Therapeutics Inc,Pharma,,
THULE,Thule Group AB,Outdoor and transport,200.0,
TIGR,UP Fintech Holding Ltd,Brokerage,,
TIT,Telecom Italia SpA,Telecom,0.25,0.5
TLW.L,Tullow Oil plc,Oil,5.0,250.0
TNDM,Tandem Diabetes Care,Med devices,,
TPE:2330,Taiwan Semi,Semis,300.0,100.0
TRAK,Repositrak Inc,Retail delivery,,
TRIP,TripAdvisor Inc,Travel,,
NEXN,Nexxen International,Digital data adtech,,
TRN,Trinity Industries,Recovery play,,
TSE:ACB,Aurora Cannabis,Cannabis,,
TSE:AIF,Altus Group Ltd,Real Estate Software,40.0,
TSE:FM,First Quantum Minerals Ltd,Copper mining,,
TSE:HUT,Hut 8 Corp,Bitcoin mining,,
TSLA,Tesla Inc,EV,200.0,600.0
TSM,Taiwan Semicondctr Mnufctrng Co,Semis,,
TSQ,Townsquare Media,Media,4.0,
TTD,Trade Desk Inc,Digital Marketing,21.8,
TTI,Tetra Technologies Inc,Energy,,
TTOO,T2 Biosystems Inc,Diagnostics,,
TUA,Simplify Short Term Treasury Futures Strategy ETF,Bonds ETF,,
U,Unity Software Inc,IPO game developer,50.0,100.0
UAA,Under Armour Inc,Apparel,7.5,20.0
UAVS,AgEagle Aerial Systems,Drones,,
UBER,Uber Technologies Inc,Ride-share,20.0,100.0
UBS,UBS Group AG,Banking,,
UEC,Uranium Energy Corp,Uranium,1.5,
UFO,Procure Space ETF,Space ETF,,
ULVR.L,Unilever plc,Consumer staples,3500.0,
UMC,United Microelectronics Corp,Semis,,
UNBLF,Unibail-Rodamco-Westfield,REIT,50.0,100.0
UNH,UnitedHealth Group,Health insurance,250.0,
UPWK,Upwork Inc,Freelancers,30.0,
UUUU,Energy Fuels Inc,Uranium,3.0,
VANI,Vivani Medical,Prev EYES,2.0,
VERI,Veritone Inc,AI,2.0,
VFF,Village Farms International,Cannabis,,
VGLS,VG Life Sciences,Pharma,,
VICR,Vicor Corp,Power components,,
VIVE,Viveve Medical,Med devices,,
VKTX,Viking Therapeutics Inc,Pharma,15.0,
VMAR,Vision Marine Technologies,Marine,,
VFMO,Vanguard Momentum ETF,ETF Momentum,,
VOD.L,Vodafone Group PLC,Telecom,10.0,20.0
VOLT,Tema Electrification ETF,Electricity,25.0,
VRNT,Verint Systems,Cybersec,,
VRTX,Vertex Pharmaceuticals,Pharma CF,200.0,
VTGN,Vistagen Therapeutics Inc,Pharma,,
VTRS,Viatris Inc,Pharma,,
VUZI,Vuzix Corp,VR/AR glasses,1.0,20.0
PRSU,Pursuit Attractions & Hospitality,Events,,
VWDRY,Vestas Wind Systems ADR,Wind,,
VWS.CO,Vestas Wind Systems,Renewables,150.0,
VYNE,Vyne Therapeutics,Pharma,,
W,Wayfair Inc,Home e-commerce,50.0,
W7L,W7 Worldwide,Cosmetics,350.0,
WATR,Current Water Technologies,Water tech,,
WCLD,WisdomTree Cloud Computing Fund,Cloud ETF,,
WDAY,Workday Inc,HR SaaS,150.0,
WFH,Direxion Work From Home ETF,ETF Work From Home,,
WHR,Whirlpool Corp,Appliances,,
WIMI,WiMi Hologram Cloud Inc,Hologram,,
WING,Wingstop Inc,Restaurants,,
WIX,Wix.com Ltd,Web platforms,,
WKP,Workspace Group plc,Office space,,
WM,Waste Management Inc,Waste mgmt,,
WMT,Walmart Inc,Retail,,
WPC,W.P. Carey Inc,REIT,,
WPRT,Westport Fuel Systems,Fuel systems,,
WRK,WestRock Company,Corrugated Packaging,,
WW,WW International Inc,Weight loss,,
WWR,Westwater Resources Inc,Minerals,1.0,
WYNN,Wynn Resorts,Gaming,,
ACR,ACRES Commercial Realty,Commercial REIT,,
XL,XL Fleet Corp,Fleet electrification,,
XONE,The ExOne Company,3D Printing,,
XPEV,Xpeng Inc - ADR,EV China,,
XRP-USD,Ripple,Tier 1 crypto,0.6,4.0
XSPX.L,Xtrackers S&P 500 Swap UCITS,Short ETF,,
YALA,Yalla Group,Clubhouse middle east,,
YYAI,AiRWA Inc,Padel solana xCl,1.0,
ZAL,Zalando SE,European Asos mail order,,
ZBRA,Zebra Technologies Corp,Tech,,
ZIM,ZIM Integrated Shipping,Shipping,,
ZKIN,ZK International,NFTs,,
GTM,ZoomInfo Technologies,B2B data,,
